Time,u[time],Voltage,u[Voltage]
(sec),(sec),(V),(V)
1.584e-06,0.0,5.015599999999997,0.0008952017773788213
4.7839999999999994e-06,0.0,5.017599999999998,0.0008952017773788213
7.983999999999998e-06,0.0,5.018799999999998,0.0008952017773788213
1.1184e-05,0.0,5.018399999999998,0.0008952017773788213
1.4384e-05,0.0,5.018799999999998,0.0008952017773788213
1.7584e-05,0.0,5.019599999999998,0.0008952017773788213
2.0783999999999996e-05,0.0,5.017999999999998,0.0008952017773788213
2.3983999999999996e-05,0.0,5.018799999999998,0.0008952017773788213
2.7184000000000003e-05,0.0,5.019599999999998,0.0008952017773788213
3.0384000000000006e-05,0.0,5.020399999999998,0.0008952017773788213
3.3584e-05,0.0,5.018799999999998,0.0008952017773788213
3.6784e-05,0.0,5.019199999999997,0.0008952017773788213
3.9984e-05,0.0,5.019599999999998,0.0008952017773788213
4.3184e-05,0.0,5.019199999999998,0.0008952017773788213
4.6384e-05,0.0,5.020199999999997,0.0008952017773788213
4.9584e-05,0.0,5.019599999999998,0.0008952017773788213
5.2784e-05,0.0,5.019199999999998,0.0008952017773788213
5.5984e-05,0.0,5.019999999999998,0.0008952017773788213
5.9184e-05,0.0,5.020399999999998,0.0008952017773788213
6.2384e-05,0.0,5.019599999999998,0.0008952017773788213
6.5584e-05,0.0,5.020399999999998,0.0008952017773788213
6.8784e-05,0.0,5.019999999999998,0.0008952017773788213
7.198400000000001e-05,0.0,5.019599999999998,0.0008952017773788213
7.518399999999999e-05,0.0,5.020399999999998,0.0008952017773788213
7.8384e-05,0.0,5.018399999999998,0.0008952017773788213
8.1584e-05,0.0,5.019999999999999,0.0008952017773788213
8.478400000000001e-05,0.0,5.017199999999998,0.0008952017773788213
8.798400000000002e-05,0.0,5.020399999999998,0.0008952017773788213
9.118400000000003e-05,0.0,5.020399999999998,0.0008952017773788213
9.438400000000004e-05,0.0,5.019999999999998,0.0008952017773788213
9.7584e-05,0.0,5.019599999999998,0.0008952017773788213
0.00010078399999999999,0.0,5.019999999999999,0.0008952017773788213
0.000103984,0.0,5.019599999999998,0.0008952017773788213
0.00010718400000000001,0.0,5.019999999999998,0.0008952017773788213
0.00011038400000000002,0.0,5.020799999999998,0.0008952017773788213
0.00011358400000000002,0.0,4.9845999999999995,0.0008952017773788213
0.00011678399999999999,0.0,4.885000000000001,0.0008952017773788213
0.000119984,0.0,4.8568,0.0008952017773788213
0.000123184,0.0,4.833600000000001,0.0008952017773788213
0.000126384,0.0,4.805599999999999,0.0008952017773788213
0.00012958399999999997,0.0,4.779199999999999,0.0008952017773788213
0.000132784,0.0,4.754599999999999,0.0008952017773788213
0.000135984,0.0,4.7132,0.0008952017773788213
0.000139184,0.0,4.684200000000001,0.0008952017773788213
0.000142384,0.0,4.658399999999999,0.0008952017773788213
0.000145584,0.0,4.630399999999999,0.0008952017773788213
0.000148784,0.0,4.6019999999999985,0.0008952017773788213
0.000151984,0.0,4.5794,0.0008952017773788213
0.00015518400000000002,0.0,4.5502,0.0008952017773788213
0.000158384,0.0,4.527000000000001,0.0008952017773788213
0.00016158400000000004,0.0,4.484800000000003,0.0008952017773788213
0.00016478399999999996,0.0,4.4601999999999995,0.0008952017773788213
0.000167984,0.0,4.438399999999999,0.0008952017773788213
0.00017118399999999998,0.0,4.4091999999999985,0.0008952017773788213
0.00017438400000000003,0.0,4.3892,0.0008952017773788213
0.000177584,0.0,4.362,0.0008952017773788213
0.00018078400000000005,0.0,4.3282,0.0008952017773788213
0.000183984,0.0,4.300399999999999,0.0008952017773788213
0.000187184,0.0,4.276599999999999,0.0008952017773788213
0.000190384,0.0,4.251399999999999,0.0008952017773788213
0.00019358399999999998,0.0,4.2236,0.0008952017773788213
0.00019678399999999998,0.0,4.2044,0.0008952017773788213
0.000199984,0.0,4.181,0.0008952017773788213
0.000203184,0.0,4.1446,0.0008952017773788213
0.00020638399999999997,0.0,4.1168,0.0008952017773788213
0.00020958400000000002,0.0,4.0943999999999985,0.0008952017773788213
0.000212784,0.0,4.077599999999999,0.0008952017773788213
0.00021598400000000004,0.0,4.0512,0.0008952017773788213
0.000219184,0.0,4.034800000000001,0.0008952017773788213
0.00022238400000000003,0.0,4.0026,0.0008952017773788213
0.00022558399999999992,0.0,3.9960000000000004,0.0008952017773788213
0.000228784,0.0,3.9633999999999996,0.0008952017773788213
0.00023198399999999994,0.0,3.935199999999999,0.0008952017773788213
0.000235184,0.0,3.9127999999999985,0.0008952017773788213
0.00023838399999999996,0.0,3.8912,0.0008952017773788213
0.000241584,0.0,3.8692000000000006,0.0008952017773788213
0.00024478399999999995,0.0,3.8528000000000002,0.0008952017773788213
0.00024798400000000003,0.0,3.8303999999999996,0.0008952017773788213
0.000251184,0.0,3.813999999999999,0.0008952017773788213
0.000254384,0.0,3.7847999999999997,0.0008952017773788213
0.000257584,0.0,3.7688,0.0008952017773788213
0.000260784,0.0,3.7316000000000007,0.0008952017773788213
0.00026398400000000004,0.0,3.709200000000001,0.0008952017773788213
0.000267184,0.0,3.6848,0.0008952017773788213
0.00027038400000000003,0.0,3.6719999999999997,0.0008952017773788213
0.000273584,0.0,3.6473999999999993,0.0008952017773788213
0.000276784,0.0,3.634,0.0008952017773788213
0.00027998399999999994,0.0,3.6120000000000014,0.0008952017773788213
0.000283184,0.0,3.5928000000000013,0.0008952017773788213
0.000286384,0.0,3.557400000000001,0.0008952017773788213
0.000289584,0.0,3.5374000000000008,0.0008952017773788213
0.000292784,0.0,3.5144,0.0008952017773788213
0.00029598400000000006,0.0,3.4959999999999996,0.0008952017773788213
0.000299184,0.0,3.4776,0.0008952017773788213
0.00030238400000000005,0.0,3.458,0.0008952017773788213
0.000305584,0.0,3.4424000000000006,0.0008952017773788213
0.000308784,0.0,3.423000000000002,0.0008952017773788213
0.00031198399999999996,0.0,3.4002000000000008,0.0008952017773788213
0.00031518400000000004,0.0,3.3688,0.0008952017773788213
0.00031838399999999995,0.0,3.3553999999999995,0.0008952017773788213
0.000321584,0.0,3.3305999999999996,0.0008952017773788213
0.000324784,0.0,3.3169999999999993,0.0008952017773788213
0.0003279840000000001,0.0,3.2987999999999995,0.0008952017773788213
0.000331184,0.0,3.2788,0.0008952017773788213
0.000334384,0.0,3.261400000000001,0.0008952017773788213
0.000337584,0.0,3.2444000000000015,0.0008952017773788213
0.000340784,0.0,3.223200000000001,0.0008952017773788213
0.00034398400000000003,0.0,3.1914000000000002,0.0008952017773788213
0.00034718400000000006,0.0,3.1718,0.0008952017773788213
0.000350384,0.0,3.1561999999999997,0.0008952017773788213
0.000353584,0.0,3.1384,0.0008952017773788213
0.0003567839999999999,0.0,3.1248000000000014,0.0008952017773788213
0.000359984,0.0,3.1052000000000017,0.0008952017773788213
0.000363184,0.0,3.091600000000001,0.0008952017773788213
0.00036638400000000003,0.0,3.0712,0.0008952017773788213
0.000369584,0.0,3.0604,0.0008952017773788213
0.00037278400000000003,0.0,3.0431999999999992,0.0008952017773788213
0.000375984,0.0,3.0227999999999997,0.0008952017773788213
0.00037918399999999997,0.0,3.007799999999999,0.0008952017773788213
0.000382384,0.0,2.9819999999999993,0.0008952017773788213
0.00038558400000000007,0.0,2.9616,0.0008952017773788213
0.000388784,0.0,2.9392000000000014,0.0008952017773788213
0.000391984,0.0,2.924000000000001,0.0008952017773788213
0.00039518400000000003,0.0,2.914,0.0008952017773788213
0.00039838400000000005,0.0,2.8964,0.0008952017773788213
0.00040158399999999997,0.0,2.8831999999999995,0.0008952017773788213
0.000404784,0.0,2.867999999999999,0.0008952017773788213
0.00040798399999999996,0.0,2.845599999999999,0.0008952017773788213
0.00041118400000000004,0.0,2.8337999999999988,0.0008952017773788213
0.000414384,0.0,2.8109999999999986,0.0008952017773788213
0.00041758400000000003,0.0,2.787799999999999,0.0008952017773788213
0.000420784,0.0,2.7769999999999997,0.0008952017773788213
0.000423984,0.0,2.7596000000000003,0.0008952017773788213
0.00042718400000000005,0.0,2.745200000000001,0.0008952017773788213
0.00043038399999999996,0.0,2.7318000000000002,0.0008952017773788213
0.00043358400000000004,0.0,2.707999999999999,0.0008952017773788213
0.000436784,0.0,2.6988,0.0008952017773788213
0.0004399840000000001,0.0,2.6880000000000006,0.0008952017773788213
0.00044318399999999995,0.0,2.671200000000001,0.0008952017773788213
0.00044638400000000003,0.0,2.659600000000001,0.0008952017773788213
0.00044958399999999994,0.0,2.6420000000000012,0.0008952017773788213
0.00045278399999999997,0.0,2.612200000000001,0.0008952017773788213
0.000455984,0.0,2.600800000000001,0.0008952017773788213
0.00045918400000000007,0.0,2.5916,0.0008952017773788213
0.000462384,0.0,2.5667999999999993,0.0008952017773788213
0.000465584,0.0,2.5603999999999996,0.0008952017773788213
0.00046878400000000003,0.0,2.548,0.0008952017773788213
0.000471984,0.0,2.5292000000000003,0.0008952017773788213
0.000475184,0.0,2.5212,0.0008952017773788213
0.00047838399999999994,0.0,2.5036,0.0008952017773788213
0.00048158399999999996,0.0,2.4896,0.0008952017773788213
0.000484784,0.0,2.4787999999999997,0.0008952017773788213
0.000487984,0.0,2.4677999999999995,0.0008952017773788213
0.000491184,0.0,2.4496,0.0008952017773788213
0.0004943840000000001,0.0,2.4398,0.0008952017773788213
0.000497584,0.0,2.4320000000000004,0.0008952017773788213
0.000500784,0.0,2.4021999999999997,0.0008952017773788213
0.000503984,0.0,2.3823999999999987,0.0008952017773788213
0.0005071839999999999,0.0,2.379199999999999,0.0008952017773788213
0.000510384,0.0,2.3615999999999997,0.0008952017773788213
0.0005135840000000001,0.0,2.3505999999999996,0.0008952017773788213
0.000516784,0.0,2.3388,0.0008952017773788213
0.000519984,0.0,2.3320000000000003,0.0008952017773788213
0.000523184,0.0,2.3144000000000005,0.0008952017773788213
0.000526384,0.0,2.2996000000000008,0.0008952017773788213
0.000529584,0.0,2.2924,0.0008952017773788213
0.000532784,0.0,2.2807999999999997,0.0008952017773788213
0.0005359840000000001,0.0,2.2669999999999995,0.0008952017773788213
0.000539184,0.0,2.254399999999999,0.0008952017773788213
0.000542384,0.0,2.2381999999999995,0.0008952017773788213
0.000545584,0.0,2.213999999999999,0.0008952017773788213
0.000548784,0.0,2.202399999999999,0.0008952017773788213
0.000551984,0.0,2.1939999999999995,0.0008952017773788213
0.000555184,0.0,2.1792,0.0008952017773788213
0.000558384,0.0,2.1648,0.0008952017773788213
0.0005615840000000001,0.0,2.1592000000000002,0.0008952017773788213
0.000564784,0.0,2.1492,0.0008952017773788213
0.000567984,0.0,2.136000000000001,0.0008952017773788213
0.0005711840000000001,0.0,2.121400000000001,0.0008952017773788213
0.000574384,0.0,2.120400000000001,0.0008952017773788213
0.0005775839999999999,0.0,2.108800000000001,0.0008952017773788213
0.000580784,0.0,2.0924000000000005,0.0008952017773788213
0.000583984,0.0,2.082,0.0008952017773788213
0.000587184,0.0,2.0688000000000004,0.0008952017773788213
0.000590384,0.0,2.0584000000000002,0.0008952017773788213
0.0005935840000000001,0.0,2.0380000000000003,0.0008952017773788213
0.0005967839999999999,0.0,2.0228,0.0008952017773788213
0.000599984,0.0,2.0148,0.0008952017773788213
0.000603184,0.0,2.0013999999999994,0.0008952017773788213
0.0006063840000000001,0.0,1.9855999999999998,0.0008952017773788213
0.0006095839999999999,0.0,1.9783999999999997,0.0008952017773788213
0.000612784,0.0,1.974,0.0008952017773788213
0.000615984,0.0,1.9616,0.0008952017773788213
0.0006191839999999999,0.0,1.9464,0.0008952017773788213
0.000622384,0.0,1.9364000000000001,0.0008952017773788213
0.000625584,0.0,1.9368,0.0008952017773788213
0.000628784,0.0,1.928,0.0008952017773788213
0.000631984,0.0,1.9143999999999999,0.0008952017773788213
0.000635184,0.0,1.9027999999999998,0.0008952017773788213
0.0006383839999999999,0.0,1.8968,0.0008952017773788213
0.0006415840000000001,0.0,1.8832,0.0008952017773788213
0.0006447839999999999,0.0,1.8616,0.0008952017773788213
0.0006479840000000001,0.0,1.8434,0.0008952017773788213
0.0006511840000000001,0.0,1.8388000000000004,0.0008952017773788213
0.000654384,0.0,1.8326000000000002,0.0008952017773788213
0.0006575839999999999,0.0,1.8200000000000005,0.0008952017773788213
0.0006607840000000001,0.0,1.8060000000000007,0.0008952017773788213
0.000663984,0.0,1.800800000000001,0.0008952017773788213
0.0006671840000000001,0.0,1.7948000000000008,0.0008952017773788213
0.000670384,0.0,1.7872000000000006,0.0008952017773788213
0.000673584,0.0,1.7704000000000002,0.0008952017773788213
0.000676784,0.0,1.7616,0.0008952017773788213
0.0006799839999999999,0.0,1.7552,0.0008952017773788213
0.000683184,0.0,1.7467999999999997,0.0008952017773788213
0.0006863840000000001,0.0,1.7348000000000001,0.0008952017773788213
0.000689584,0.0,1.7239999999999998,0.0008952017773788213
0.000692784,0.0,1.7179999999999997,0.0008952017773788213
0.0006959840000000001,0.0,1.7132000000000003,0.0008952017773788213
0.0006991839999999999,0.0,1.7046000000000001,0.0008952017773788213
0.000702384,0.0,1.6912,0.0008952017773788213
0.000705584,0.0,1.6824000000000001,0.0008952017773788213
0.0007087840000000001,0.0,1.6794000000000002,0.0008952017773788213
0.0007119840000000001,0.0,1.6710000000000003,0.0008952017773788213
0.000715184,0.0,1.6520000000000004,0.0008952017773788213
0.000718384,0.0,1.6332000000000004,0.0008952017773788213
0.0007215839999999999,0.0,1.6232000000000004,0.0008952017773788213
0.000724784,0.0,1.6190000000000009,0.0008952017773788213
0.000727984,0.0,1.6152000000000006,0.0008952017773788213
0.000731184,0.0,1.6004000000000003,0.0008952017773788213
0.000734384,0.0,1.5888000000000004,0.0008952017773788213
0.000737584,0.0,1.5820000000000005,0.0008952017773788213
0.0007407839999999999,0.0,1.5792000000000004,0.0008952017773788213
0.0007439839999999999,0.0,1.5748000000000004,0.0008952017773788213
0.000747184,0.0,1.5596,0.0008952017773788213
0.0007503840000000001,0.0,1.5503999999999996,0.0008952017773788213
0.0007535840000000001,0.0,1.5419999999999994,0.0008952017773788213
0.0007567839999999999,0.0,1.5367999999999995,0.0008952017773788213
0.0007599839999999999,0.0,1.5343999999999998,0.0008952017773788213
0.000763184,0.0,1.5179999999999998,0.0008952017773788213
0.0007663839999999999,0.0,1.5104,0.0008952017773788213
0.0007695840000000001,0.0,1.5042000000000002,0.0008952017773788213
0.0007727840000000001,0.0,1.4997999999999998,0.0008952017773788213
0.000775984,0.0,1.4905999999999997,0.0008952017773788213
0.000779184,0.0,1.4842000000000002,0.0008952017773788213
0.000782384,0.0,1.4635999999999998,0.0008952017773788213
0.000785584,0.0,1.4483999999999997,0.0008952017773788213
0.0007887840000000001,0.0,1.4417999999999995,0.0008952017773788213
0.000791984,0.0,1.4377999999999997,0.0008952017773788213
0.000795184,0.0,1.4315999999999998,0.0008952017773788213
0.0007983840000000001,0.0,1.4236000000000002,0.0008952017773788213
0.000801584,0.0,1.4104000000000005,0.0008952017773788213
0.0008047839999999999,0.0,1.4036000000000002,0.0008952017773788213
0.0008079840000000001,0.0,1.4000000000000004,0.0008952017773788213
0.000811184,0.0,1.3984000000000003,0.0008952017773788213
0.000814384,0.0,1.3922000000000005,0.0008952017773788213
0.000817584,0.0,1.3848000000000003,0.0008952017773788213
0.0008207840000000001,0.0,1.3704000000000005,0.0008952017773788213
0.0008239839999999999,0.0,1.3648000000000005,0.0008952017773788213
0.0008271839999999998,0.0,1.3596000000000004,0.0008952017773788213
0.000830384,0.0,1.3576000000000006,0.0008952017773788213
0.0008335840000000002,0.0,1.3532000000000004,0.0008952017773788213
0.000836784,0.0,1.3455999999999997,0.0008952017773788213
0.0008399840000000001,0.0,1.3328000000000002,0.0008952017773788213
0.000843184,0.0,1.3252000000000002,0.0008952017773788213
0.000846384,0.0,1.3215999999999999,0.0008952017773788213
0.000849584,0.0,1.3174,0.0008952017773788213
0.0008527839999999999,0.0,1.3141999999999998,0.0008952017773788213
0.0008559840000000001,0.0,1.3068,0.0008952017773788213
0.000859184,0.0,1.2906,0.0008952017773788213
0.0008623840000000001,0.0,1.2792000000000001,0.0008952017773788213
0.000865584,0.0,1.2678000000000003,0.0008952017773788213
0.000868784,0.0,1.2604000000000002,0.0008952017773788213
0.0008719839999999999,0.0,1.2568000000000001,0.0008952017773788213
0.0008751840000000001,0.0,1.2526000000000002,0.0008952017773788213
0.000878384,0.0,1.2434000000000003,0.0008952017773788213
0.0008815840000000001,0.0,1.2362000000000004,0.0008952017773788213
0.000884784,0.0,1.2268000000000001,0.0008952017773788213
0.0008879839999999999,0.0,1.2192,0.0008952017773788213
0.000891184,0.0,1.2184000000000001,0.0008952017773788213
0.000894384,0.0,1.2152,0.0008952017773788213
0.000897584,0.0,1.2084000000000001,0.0008952017773788213
0.0009007840000000001,0.0,1.2020000000000002,0.0008952017773788213
0.000903984,0.0,1.1918000000000002,0.0008952017773788213
0.0009071839999999999,0.0,1.1868,0.0008952017773788213
0.0009103840000000001,0.0,1.1836000000000002,0.0008952017773788213
0.0009135839999999999,0.0,1.1808,0.0008952017773788213
0.000916784,0.0,1.1782000000000001,0.0008952017773788213
0.0009199840000000001,0.0,1.1740000000000002,0.0008952017773788213
0.000923184,0.0,1.1666000000000003,0.0008952017773788213
0.0009263839999999999,0.0,1.1596000000000002,0.0008952017773788213
0.000929584,0.0,1.1508000000000003,0.0008952017773788213
0.000932784,0.0,1.1438000000000001,0.0008952017773788213
0.000935984,0.0,1.1414000000000002,0.0008952017773788213
0.000939184,0.0,1.1388000000000003,0.0008952017773788213
0.000942384,0.0,1.1338,0.0008952017773788213
0.000945584,0.0,1.1268,0.0008952017773788213
0.000948784,0.0,1.1214,0.0008952017773788213
0.000951984,0.0,1.1066,0.0008952017773788213
0.000955184,0.0,1.0964,0.0008952017773788213
0.000958384,0.0,1.0878,0.0008952017773788213
0.000961584,0.0,1.0868,0.0008952017773788213
0.0009647840000000001,0.0,1.0812,0.0008952017773788213
0.0009679840000000001,0.0,1.0776000000000001,0.0008952017773788213
0.0009711839999999999,0.0,1.0718,0.0008952017773788213
0.0009743839999999999,0.0,1.0652,0.0008952017773788213
0.000977584,0.0,1.0608000000000002,0.0008952017773788213
0.0009807840000000002,0.0,1.0508000000000002,0.0008952017773788213
0.000983984,0.0,1.0476,0.0008952017773788213
0.0009871839999999999,0.0,1.042,0.0008952017773788213
0.000990384,0.0,1.0404,0.0008952017773788213
0.000993584,0.0,1.0372,0.0008952017773788213
0.000996784,0.0,1.0336,0.0008952017773788213
0.0009999839999999998,0.0,1.0244,0.0008952017773788213
0.001003184,0.0,1.018,0.0008952017773788213
0.001006384,0.0,1.0072,0.0008952017773788213
0.001009584,0.0,1.0048,0.0008952017773788213
0.0010127839999999999,0.0,1.0016,0.0008952017773788213
0.0010159840000000002,0.0,0.9992,0.0008952017773788213
0.001019184,0.0,0.9968,0.0008952017773788213
0.001022384,0.0,0.9924000000000001,0.0008952017773788213
0.0010255840000000002,0.0,0.9859999999999998,0.0008952017773788213
0.001028784,0.0,0.9839999999999998,0.0008952017773788213
0.001031984,0.0,0.9723999999999998,0.0008952017773788213
0.001035184,0.0,0.9683999999999997,0.0008952017773788213
0.001038384,0.0,0.964,0.0008952017773788213
0.0010415840000000001,0.0,0.9616,0.0008952017773788213
0.001044784,0.0,0.9596000000000001,0.0008952017773788213
0.001047984,0.0,0.9567999999999998,0.0008952017773788213
0.001051184,0.0,0.9523999999999999,0.0008952017773788213
0.001054384,0.0,0.9479999999999998,0.0008952017773788213
0.001057584,0.0,0.9384,0.0008952017773788213
0.001060784,0.0,0.9319999999999999,0.0008952017773788213
0.001063984,0.0,0.9292,0.0008952017773788213
0.001067184,0.0,0.9259999999999999,0.0008952017773788213
0.001070384,0.0,0.9216000000000001,0.0008952017773788213
0.0010735839999999998,0.0,0.9208000000000002,0.0008952017773788213
0.0010767840000000001,0.0,0.9198,0.0008952017773788213
0.001079984,0.0,0.9131999999999999,0.0008952017773788213
0.001083184,0.0,0.912,0.0008952017773788213
0.001086384,0.0,0.9054000000000001,0.0008952017773788213
0.0010895840000000002,0.0,0.899,0.0008952017773788213
0.001092784,0.0,0.887,0.0008952017773788213
0.001095984,0.0,0.8768,0.0008952017773788213
0.001099184,0.0,0.8665999999999999,0.0008952017773788213
0.001102384,0.0,0.8612000000000001,0.0008952017773788213
0.001105584,0.0,0.8630000000000001,0.0008952017773788213
0.0011087840000000002,0.0,0.8598,0.0008952017773788213
0.001111984,0.0,0.8578,0.0008952017773788213
0.001115184,0.0,0.8561999999999999,0.0008952017773788213
0.001118384,0.0,0.853,0.0008952017773788213
0.001121584,0.0,0.8464,0.0008952017773788213
0.001124784,0.0,0.8416,0.0008952017773788213
0.001127984,0.0,0.8364,0.0008952017773788213
0.0011311840000000001,0.0,0.8303999999999996,0.0008952017773788213
0.001134384,0.0,0.8271999999999998,0.0008952017773788213
0.0011375839999999999,0.0,0.8243999999999998,0.0008952017773788213
0.001140784,0.0,0.8215999999999998,0.0008952017773788213
0.001143984,0.0,0.8179999999999998,0.0008952017773788213
0.0011471839999999999,0.0,0.8171999999999997,0.0008952017773788213
0.001150384,0.0,0.8119999999999998,0.0008952017773788213
0.001153584,0.0,0.8092000000000001,0.0008952017773788213
0.001156784,0.0,0.8067999999999997,0.0008952017773788213
0.001159984,0.0,0.7972,0.0008952017773788213
0.001163184,0.0,0.7932000000000002,0.0008952017773788213
0.001166384,0.0,0.7856000000000001,0.0008952017773788213
0.001169584,0.0,0.7852000000000001,0.0008952017773788213
0.001172784,0.0,0.7864,0.0008952017773788213
0.0011759840000000001,0.0,0.7832000000000001,0.0008952017773788213
0.001179184,0.0,0.7816000000000003,0.0008952017773788213
0.0011823839999999999,0.0,0.7759999999999999,0.0008952017773788213
0.001185584,0.0,0.7760000000000001,0.0008952017773788213
0.001188784,0.0,0.774,0.0008952017773788213
0.001191984,0.0,0.7668,0.0008952017773788213
0.0011951840000000002,0.0,0.7574,0.0008952017773788213
0.001198384,0.0,0.7564000000000002,0.0008952017773788213
0.001201584,0.0,0.7543999999999998,0.0008952017773788213
0.001204784,0.0,0.7491999999999999,0.0008952017773788213
0.001207984,0.0,0.7435999999999998,0.0008952017773788213
0.001211184,0.0,0.7447999999999999,0.0008952017773788213
0.0012143840000000002,0.0,0.7407999999999998,0.0008952017773788213
0.001217584,0.0,0.7373999999999998,0.0008952017773788213
0.001220784,0.0,0.7391999999999999,0.0008952017773788213
0.001223984,0.0,0.7350000000000003,0.0008952017773788213
0.0012271839999999999,0.0,0.7339999999999999,0.0008952017773788213
0.0012303840000000002,0.0,0.7195999999999999,0.0008952017773788213
0.001233584,0.0,0.7230000000000001,0.0008952017773788213
0.001236784,0.0,0.7081999999999998,0.0008952017773788213
0.001239984,0.0,0.7004,0.0008952017773788213
0.001243184,0.0,0.6946000000000001,0.0008952017773788213
0.001246384,0.0,0.6944000000000002,0.0008952017773788213
0.0012495840000000002,0.0,0.6854000000000002,0.0008952017773788213
0.0012527839999999998,0.0,0.6847999999999999,0.0008952017773788213
0.001255984,0.0,0.6818000000000001,0.0008952017773788213
0.0012591840000000002,0.0,0.6818000000000001,0.0008952017773788213
0.0012623839999999996,0.0,0.6810000000000003,0.0008952017773788213
0.0012655840000000002,0.0,0.6784000000000002,0.0008952017773788213
0.001268784,0.0,0.6758,0.0008952017773788213
0.0012719839999999999,0.0,0.677,0.0008952017773788213
0.001275184,0.0,0.672,0.0008952017773788213
0.0012783840000000002,0.0,0.6698000000000001,0.0008952017773788213
0.0012815839999999997,0.0,0.6632000000000001,0.0008952017773788213
0.0012847840000000002,0.0,0.6596,0.0008952017773788213
0.001287984,0.0,0.6531999999999999,0.0008952017773788213
0.001291184,0.0,0.6517999999999999,0.0008952017773788213
0.0012943839999999998,0.0,0.6467999999999999,0.0008952017773788213
0.001297584,0.0,0.6439999999999999,0.0008952017773788213
0.001300784,0.0,0.6416,0.0008952017773788213
0.0013039840000000002,0.0,0.6416,0.0008952017773788213
0.001307184,0.0,0.6399999999999999,0.0008952017773788213
0.001310384,0.0,0.6392,0.0008952017773788213
0.0013135840000000005,0.0,0.6383999999999999,0.0008952017773788213
0.0013167839999999997,0.0,0.6332,0.0008952017773788213
0.001319984,0.0,0.6343999999999999,0.0008952017773788213
0.001323184,0.0,0.6297999999999999,0.0008952017773788213
0.0013263840000000001,0.0,0.6272,0.0008952017773788213
0.001329584,0.0,0.6295999999999999,0.0008952017773788213
0.0013327840000000003,0.0,0.6219999999999999,0.0008952017773788213
0.0013359840000000001,0.0,0.6187999999999999,0.0008952017773788213
0.001339184,0.0,0.6191999999999999,0.0008952017773788213
0.001342384,0.0,0.6175999999999999,0.0008952017773788213
0.001345584,0.0,0.6132,0.0008952017773788213
0.001348784,0.0,0.606,0.0008952017773788213
0.0013519839999999999,0.0,0.6032,0.0008952017773788213
0.0013551839999999997,0.0,0.6043999999999999,0.0008952017773788213
0.001358384,0.0,0.6019999999999999,0.0008952017773788213
0.0013615839999999999,0.0,0.6015999999999999,0.0008952017773788213
0.001364784,0.0,0.6,0.0008952017773788213
0.001367984,0.0,0.5972,0.0008952017773788213
0.0013711840000000001,0.0,0.5979999999999999,0.0008952017773788213
0.0013743840000000002,0.0,0.5967999999999999,0.0008952017773788213
0.001377584,0.0,0.5942000000000001,0.0008952017773788213
0.0013807840000000001,0.0,0.5904,0.0008952017773788213
0.001383984,0.0,0.5883999999999999,0.0008952017773788213
0.0013871840000000003,0.0,0.5871999999999999,0.0008952017773788213
0.0013903839999999997,0.0,0.5848,0.0008952017773788213
0.001393584,0.0,0.5806000000000001,0.0008952017773788213
0.001396784,0.0,0.5756000000000001,0.0008952017773788213
0.001399984,0.0,0.5716000000000002,0.0008952017773788213
0.0014031839999999998,0.0,0.5746000000000001,0.0008952017773788213
0.0014063840000000003,0.0,0.5708000000000002,0.0008952017773788213
0.0014095840000000002,0.0,0.5700000000000002,0.0008952017773788213
0.001412784,0.0,0.5664000000000002,0.0008952017773788213
0.001415984,0.0,0.5640000000000003,0.0008952017773788213
0.001419184,0.0,0.5610000000000003,0.0008952017773788213
0.0014223839999999998,0.0,0.5636000000000003,0.0008952017773788213
0.0014255840000000004,0.0,0.5602000000000003,0.0008952017773788213
0.0014287839999999998,0.0,0.5574000000000002,0.0008952017773788213
0.001431984,0.0,0.5588000000000002,0.0008952017773788213
0.0014351840000000002,0.0,0.5552000000000002,0.0008952017773788213
0.001438384,0.0,0.5574000000000002,0.0008952017773788213
0.0014415839999999999,0.0,0.5540000000000002,0.0008952017773788213
0.0014447840000000002,0.0,0.5496000000000002,0.0008952017773788213
0.0014479840000000003,0.0,0.5492000000000002,0.0008952017773788213
0.0014511840000000001,0.0,0.5432000000000001,0.0008952017773788213
0.0014543840000000002,0.0,0.5414000000000001,0.0008952017773788213
0.0014575839999999998,0.0,0.5362000000000002,0.0008952017773788213
0.001460784,0.0,0.5282000000000001,0.0008952017773788213
0.0014639839999999998,0.0,0.5206000000000001,0.0008952017773788213
0.001467184,0.0,0.5180000000000001,0.0008952017773788213
0.0014703840000000001,0.0,0.5138,0.0008952017773788213
0.001473584,0.0,0.5142,0.0008952017773788213
0.001476784,0.0,0.509,0.0008952017773788213
0.0014799840000000004,0.0,0.5112000000000001,0.0008952017773788213
0.0014831839999999998,0.0,0.5056,0.0008952017773788213
0.001486384,0.0,0.504,0.0008952017773788213
0.001489584,0.0,0.5036,0.0008952017773788213
0.001492784,0.0,0.5002,0.0008952017773788213
0.0014959840000000001,0.0,0.4998,0.0008952017773788213
0.0014991840000000004,0.0,0.4984,0.0008952017773788213
0.0015023839999999998,0.0,0.4978,0.0008952017773788213
0.0015055840000000001,0.0,0.4966,0.0008952017773788213
0.0015087840000000002,0.0,0.4938,0.0008952017773788213
0.0015119839999999999,0.0,0.49200000000000005,0.0008952017773788213
0.001515184,0.0,0.49,0.0008952017773788213
0.0015183840000000002,0.0,0.4868,0.0008952017773788213
0.001521584,0.0,0.4876,0.0008952017773788213
0.001524784,0.0,0.48239999999999994,0.0008952017773788213
0.0015279840000000002,0.0,0.48200000000000004,0.0008952017773788213
0.0015311839999999999,0.0,0.474,0.0008952017773788213
0.0015343839999999997,0.0,0.47,0.0008952017773788213
0.0015375840000000003,0.0,0.47080000000000005,0.0008952017773788213
0.0015407840000000001,0.0,0.4704,0.0008952017773788213
0.001543984,0.0,0.46760000000000007,0.0008952017773788213
0.0015471840000000003,0.0,0.4620000000000001,0.0008952017773788213
0.001550384,0.0,0.4608000000000001,0.0008952017773788213
0.001553584,0.0,0.4616,0.0008952017773788213
0.0015567840000000003,0.0,0.4616000000000001,0.0008952017773788213
0.0015599840000000002,0.0,0.4612000000000001,0.0008952017773788213
0.001563184,0.0,0.4620000000000001,0.0008952017773788213
0.001566384,0.0,0.46,0.0008952017773788213
0.0015695840000000002,0.0,0.45880000000000004,0.0008952017773788213
0.001572784,0.0,0.45840000000000003,0.0008952017773788213
0.001575984,0.0,0.45840000000000003,0.0008952017773788213
0.0015791840000000002,0.0,0.45720000000000005,0.0008952017773788213
0.0015823839999999998,0.0,0.45520000000000005,0.0008952017773788213
0.001585584,0.0,0.4528000000000001,0.0008952017773788213
0.001588784,0.0,0.45080000000000003,0.0008952017773788213
0.0015919840000000003,0.0,0.4470000000000001,0.0008952017773788213
0.0015951840000000001,0.0,0.45120000000000005,0.0008952017773788213
0.0015983840000000002,0.0,0.44760000000000005,0.0008952017773788213
0.0016015839999999999,0.0,0.44840000000000013,0.0008952017773788213
0.0016047840000000002,0.0,0.44480000000000003,0.0008952017773788213
0.001607984,0.0,0.43800000000000006,0.0008952017773788213
0.0016111839999999999,0.0,0.4384,0.0008952017773788213
0.0016143840000000002,0.0,0.4328000000000001,0.0008952017773788213
0.001617584,0.0,0.4312,0.0008952017773788213
0.0016207840000000003,0.0,0.42800000000000005,0.0008952017773788213
0.001623984,0.0,0.4296000000000001,0.0008952017773788213
0.001627184,0.0,0.4292000000000001,0.0008952017773788213
0.001630384,0.0,0.4236000000000001,0.0008952017773788213
0.0016335839999999998,0.0,0.4220000000000001,0.0008952017773788213
0.001636784,0.0,0.42140000000000005,0.0008952017773788213
0.0016399840000000001,0.0,0.4224000000000001,0.0008952017773788213
0.001643184,0.0,0.42040000000000005,0.0008952017773788213
0.0016463839999999999,0.0,0.41960000000000003,0.0008952017773788213
0.001649584,0.0,0.41840000000000005,0.0008952017773788213
0.001652784,0.0,0.41800000000000004,0.0008952017773788213
0.0016559839999999999,0.0,0.41840000000000005,0.0008952017773788213
0.0016591840000000002,0.0,0.4192,0.0008952017773788213
0.001662384,0.0,0.41620000000000007,0.0008952017773788213
0.0016655840000000003,0.0,0.41720000000000007,0.0008952017773788213
0.0016687840000000002,0.0,0.41680000000000006,0.0008952017773788213
0.001671984,0.0,0.41440000000000005,0.0008952017773788213
0.001675184,0.0,0.41320000000000007,0.0008952017773788213
0.001678384,0.0,0.41240000000000004,0.0008952017773788213
0.001681584,0.0,0.4084000000000001,0.0008952017773788213
0.001684784,0.0,0.40560000000000007,0.0008952017773788213
0.0016879840000000002,0.0,0.4060000000000001,0.0008952017773788213
0.001691184,0.0,0.40480000000000005,0.0008952017773788213
0.001694384,0.0,0.4028000000000001,0.0008952017773788213
0.001697584,0.0,0.40080000000000005,0.0008952017773788213
0.0017007839999999999,0.0,0.39960000000000007,0.0008952017773788213
0.001703984,0.0,0.39680000000000015,0.0008952017773788213
0.0017071839999999998,0.0,0.3952000000000001,0.0008952017773788213
0.0017103840000000001,0.0,0.39440000000000003,0.0008952017773788213
0.0017135840000000002,0.0,0.3920000000000001,0.0008952017773788213
0.0017167839999999998,0.0,0.39000000000000007,0.0008952017773788213
0.0017199840000000001,0.0,0.39000000000000007,0.0008952017773788213
0.0017231839999999998,0.0,0.3824000000000001,0.0008952017773788213
0.001726384,0.0,0.3864000000000001,0.0008952017773788213
0.0017295840000000002,0.0,0.3834,0.0008952017773788213
0.001732784,0.0,0.38480000000000003,0.0008952017773788213
0.001735984,0.0,0.3828000000000001,0.0008952017773788213
0.0017391840000000004,0.0,0.3820000000000001,0.0008952017773788213
0.0017423840000000003,0.0,0.3828000000000001,0.0008952017773788213
0.0017455840000000001,0.0,0.3824000000000001,0.0008952017773788213
0.001748784,0.0,0.3814000000000001,0.0008952017773788213
0.001751984,0.0,0.3820000000000001,0.0008952017773788213
0.001755184,0.0,0.3816000000000001,0.0008952017773788213
0.001758384,0.0,0.3816000000000001,0.0008952017773788213
0.0017615839999999998,0.0,0.37860000000000005,0.0008952017773788213
0.0017647840000000001,0.0,0.3784,0.0008952017773788213
0.001767984,0.0,0.37900000000000006,0.0008952017773788213
0.0017711839999999999,0.0,0.3782000000000001,0.0008952017773788213
0.001774384,0.0,0.3796000000000001,0.0008952017773788213
0.0017775839999999998,0.0,0.3758000000000001,0.0008952017773788213
0.0017807840000000003,0.0,0.3756000000000001,0.0008952017773788213
0.0017839839999999997,0.0,0.377,0.0008952017773788213
0.0017871840000000003,0.0,0.377,0.0008952017773788213
0.0017903840000000001,0.0,0.3764,0.0008952017773788213
0.001793584,0.0,0.37400000000000005,0.0008952017773788213
0.0017967839999999998,0.0,0.3686,0.0008952017773788213
0.0017999840000000001,0.0,0.3746000000000001,0.0008952017773788213
0.0018031840000000002,0.0,0.3674000000000001,0.0008952017773788213
0.001806384,0.0,0.36200000000000004,0.0008952017773788213
0.0018095840000000001,0.0,0.3674,0.0008952017773788213
0.001812784,0.0,0.36800000000000005,0.0008952017773788213
0.0018159839999999997,0.0,0.3632000000000001,0.0008952017773788213
0.0018191839999999997,0.0,0.36379999999999996,0.0008952017773788213
0.001822384,0.0,0.3614,0.0008952017773788213
0.001825584,0.0,0.3648,0.0008952017773788213
0.001828784,0.0,0.358,0.0008952017773788213
0.001831984,0.0,0.3614,0.0008952017773788213
0.001835184,0.0,0.35719999999999996,0.0008952017773788213
0.0018383839999999998,0.0,0.35,0.0008952017773788213
0.0018415840000000003,0.0,0.3514,0.0008952017773788213
0.001844784,0.0,0.35,0.0008952017773788213
0.001847984,0.0,0.34840000000000004,0.0008952017773788213
0.001851184,0.0,0.3422,0.0008952017773788213
0.0018543840000000004,0.0,0.3458,0.0008952017773788213
0.0018575839999999998,0.0,0.3416,0.0008952017773788213
0.0018607840000000003,0.0,0.3404,0.0008952017773788213
0.0018639840000000002,0.0,0.3403999999999999,0.0008952017773788213
0.0018671839999999998,0.0,0.3368,0.0008952017773788213
0.001870384,0.0,0.33519999999999994,0.0008952017773788213
0.0018735840000000002,0.0,0.3352000000000001,0.0008952017773788213
0.001876784,0.0,0.3307999999999999,0.0008952017773788213
0.0018799840000000001,0.0,0.32839999999999997,0.0008952017773788213
0.001883184,0.0,0.3253999999999999,0.0008952017773788213
0.001886384,0.0,0.32539999999999997,0.0008952017773788213
0.0018895839999999997,0.0,0.32459999999999994,0.0008952017773788213
0.0018927840000000002,0.0,0.32459999999999994,0.0008952017773788213
0.001895984,0.0,0.3226,0.0008952017773788213
0.001899184,0.0,0.3217999999999999,0.0008952017773788213
0.0019023840000000002,0.0,0.32239999999999996,0.0008952017773788213
0.0019055839999999999,0.0,0.32159999999999994,0.0008952017773788213
0.001908784,0.0,0.32059999999999994,0.0008952017773788213
0.0019119840000000003,0.0,0.3202,0.0008952017773788213
0.0019151840000000001,0.0,0.32099999999999995,0.0008952017773788213
0.001918384,0.0,0.31919999999999993,0.0008952017773788213
0.001921584,0.0,0.3208,0.0008952017773788213
0.0019247840000000001,0.0,0.3188,0.0008952017773788213
0.001927984,0.0,0.3188,0.0008952017773788213
0.0019311839999999999,0.0,0.31739999999999996,0.0008952017773788213
0.0019343840000000001,0.0,0.31919999999999993,0.0008952017773788213
0.0019375839999999998,0.0,0.31439999999999996,0.0008952017773788213
0.0019407839999999999,0.0,0.316,0.0008952017773788213
0.001943984,0.0,0.31559999999999994,0.0008952017773788213
0.0019471840000000002,0.0,0.3136,0.0008952017773788213
0.001950384,0.0,0.3124,0.0008952017773788213
0.001953584,0.0,0.31139999999999995,0.0008952017773788213
0.001956784,0.0,0.3104,0.0008952017773788213
0.0019599839999999997,0.0,0.30820000000000003,0.0008952017773788213
0.001963184,0.0,0.30879999999999996,0.0008952017773788213
0.001966384,0.0,0.3072,0.0008952017773788213
0.001969584,0.0,0.30640000000000006,0.0008952017773788213
0.001972784,0.0,0.3036,0.0008952017773788213
0.001975984,0.0,0.2988,0.0008952017773788213
0.0019791839999999997,0.0,0.3004,0.0008952017773788213
0.0019823840000000002,0.0,0.29880000000000007,0.0008952017773788213
0.0019855840000000003,0.0,0.29760000000000003,0.0008952017773788213
0.001988784,0.0,0.29880000000000007,0.0008952017773788213
0.001991984,0.0,0.30160000000000003,0.0008952017773788213
0.001995184,0.0,0.29560000000000003,0.0008952017773788213
0.001998384,0.0,0.2992,0.0008952017773788213
0.002001584,0.0,0.29600000000000004,0.0008952017773788213
0.002004784,0.0,0.29480000000000006,0.0008952017773788213
0.002007984,0.0,0.2900000000000001,0.0008952017773788213
0.002011184,0.0,0.2894000000000001,0.0008952017773788213
0.002014384,0.0,0.2884000000000001,0.0008952017773788213
0.0020175840000000002,0.0,0.2880000000000001,0.0008952017773788213
0.0020207840000000003,0.0,0.2852000000000001,0.0008952017773788213
0.002023984,0.0,0.2900000000000001,0.0008952017773788213
0.002027184,0.0,0.2848000000000001,0.0008952017773788213
0.002030384,0.0,0.2856000000000001,0.0008952017773788213
0.0020335839999999997,0.0,0.2856000000000001,0.0008952017773788213
0.0020367840000000003,0.0,0.28400000000000014,0.0008952017773788213
0.002039984,0.0,0.2856000000000001,0.0008952017773788213
0.002043184,0.0,0.28360000000000013,0.0008952017773788213
0.002046384,0.0,0.2828000000000001,0.0008952017773788213
0.0020495839999999997,0.0,0.28200000000000014,0.0008952017773788213
0.0020527839999999998,0.0,0.2832000000000001,0.0008952017773788213
0.002055984,0.0,0.2796000000000001,0.0008952017773788213
0.0020591840000000004,0.0,0.28200000000000014,0.0008952017773788213
0.002062384,0.0,0.28100000000000014,0.0008952017773788213
0.002065584,0.0,0.2822000000000001,0.0008952017773788213
0.002068784,0.0,0.2812000000000001,0.0008952017773788213
0.002071984,0.0,0.28040000000000015,0.0008952017773788213
0.0020751840000000003,0.0,0.27840000000000015,0.0008952017773788213
0.002078384,0.0,0.2812000000000001,0.0008952017773788213
0.002081584,0.0,0.2792000000000001,0.0008952017773788213
0.002084784,0.0,0.28000000000000014,0.0008952017773788213
0.0020879839999999998,0.0,0.2802000000000001,0.0008952017773788213
0.0020911840000000003,0.0,0.27800000000000014,0.0008952017773788213
0.0020943840000000003,0.0,0.27920000000000017,0.0008952017773788213
0.002097584,0.0,0.27920000000000017,0.0008952017773788213
0.0021007839999999996,0.0,0.27600000000000013,0.0008952017773788213
0.002103984,0.0,0.2768000000000001,0.0008952017773788213
0.002107184,0.0,0.2772000000000001,0.0008952017773788213
0.002110384,0.0,0.2776000000000001,0.0008952017773788213
0.002113584,0.0,0.2768000000000001,0.0008952017773788213
0.002116784,0.0,0.2766000000000001,0.0008952017773788213
0.002119984,0.0,0.2772000000000001,0.0008952017773788213
0.0021231839999999997,0.0,0.2776000000000001,0.0008952017773788213
0.002126384,0.0,0.27240000000000014,0.0008952017773788213
0.002129584,0.0,0.27280000000000015,0.0008952017773788213
0.002132784,0.0,0.2728000000000001,0.0008952017773788213
0.002135984,0.0,0.27280000000000015,0.0008952017773788213
0.002139184,0.0,0.27480000000000016,0.0008952017773788213
0.002142384,0.0,0.2764000000000001,0.0008952017773788213
0.0021455840000000003,0.0,0.2740000000000001,0.0008952017773788213
0.0021487840000000004,0.0,0.27480000000000016,0.0008952017773788213
0.002151984,0.0,0.2756000000000002,0.0008952017773788213
0.002155184,0.0,0.27780000000000016,0.0008952017773788213
0.002158384,0.0,0.2748000000000001,0.0008952017773788213
0.002161584,0.0,0.27220000000000005,0.0008952017773788213
0.002164784,0.0,0.2700000000000001,0.0008952017773788213
0.0021679840000000004,0.0,0.27440000000000014,0.0008952017773788213
0.002171184,0.0,0.27040000000000014,0.0008952017773788213
0.0021743839999999997,0.0,0.27000000000000013,0.0008952017773788213
0.0021775839999999998,0.0,0.2692000000000001,0.0008952017773788213
0.002180784,0.0,0.2700000000000001,0.0008952017773788213
0.002183984,0.0,0.2716000000000001,0.0008952017773788213
0.0021871840000000004,0.0,0.2668000000000001,0.0008952017773788213
0.002190384,0.0,0.27000000000000013,0.0008952017773788213
0.0021935839999999997,0.0,0.2684000000000001,0.0008952017773788213
0.0021967840000000002,0.0,0.26600000000000007,0.0008952017773788213
0.002199984,0.0,0.26640000000000014,0.0008952017773788213
0.002203184,0.0,0.26640000000000014,0.0008952017773788213
0.002206384,0.0,0.26360000000000006,0.0008952017773788213
0.002209584,0.0,0.26760000000000006,0.0008952017773788213
0.0022127839999999998,0.0,0.2604000000000001,0.0008952017773788213
0.002215984,0.0,0.26,0.0008952017773788213
0.0022191840000000003,0.0,0.258,0.0008952017773788213
0.0022223839999999996,0.0,0.25760000000000005,0.0008952017773788213
0.002225584,0.0,0.2560000000000001,0.0008952017773788213
0.002228784,0.0,0.26200000000000007,0.0008952017773788213
0.002231984,0.0,0.26280000000000003,0.0008952017773788213
0.002235184,0.0,0.26080000000000003,0.0008952017773788213
0.002238384,0.0,0.2620000000000001,0.0008952017773788213
0.0022415839999999996,0.0,0.2588000000000001,0.0008952017773788213
0.002244784,0.0,0.2592000000000001,0.0008952017773788213
0.002247984,0.0,0.25720000000000004,0.0008952017773788213
0.002251184,0.0,0.25240000000000007,0.0008952017773788213
0.002254384,0.0,0.2508000000000001,0.0008952017773788213
0.0022575840000000004,0.0,0.25120000000000003,0.0008952017773788213
0.002260784,0.0,0.25520000000000004,0.0008952017773788213
0.002263984,0.0,0.25079999999999997,0.0008952017773788213
0.002267184,0.0,0.251,0.0008952017773788213
0.0022703840000000003,0.0,0.25240000000000007,0.0008952017773788213
0.002273584,0.0,0.248,0.0008952017773788213
0.002276784,0.0,0.24800000000000005,0.0008952017773788213
0.002279984,0.0,0.248,0.0008952017773788213
0.002283184,0.0,0.24720000000000003,0.0008952017773788213
0.002286384,0.0,0.2528,0.0008952017773788213
0.002289584,0.0,0.24719999999999998,0.0008952017773788213
0.0022927840000000004,0.0,0.2468,0.0008952017773788213
0.0022959839999999996,0.0,0.24760000000000001,0.0008952017773788213
0.002299184,0.0,0.24480000000000002,0.0008952017773788213
0.002302384,0.0,0.2468,0.0008952017773788213
0.002305584,0.0,0.24840000000000004,0.0008952017773788213
0.0023087840000000004,0.0,0.24480000000000002,0.0008952017773788213
0.002311984,0.0,0.24600000000000005,0.0008952017773788213
0.0023151839999999996,0.0,0.2468,0.0008952017773788213
0.002318384,0.0,0.2444,0.0008952017773788213
0.002321584,0.0,0.24360000000000004,0.0008952017773788213
0.002324784,0.0,0.2416,0.0008952017773788213
0.002327984,0.0,0.24240000000000006,0.0008952017773788213
0.0023311840000000005,0.0,0.2416,0.0008952017773788213
0.002334384,0.0,0.24359999999999998,0.0008952017773788213
0.002337584,0.0,0.24400000000000005,0.0008952017773788213
0.002340784,0.0,0.244,0.0008952017773788213
0.002343984,0.0,0.2404,0.0008952017773788213
0.002347184,0.0,0.24119999999999997,0.0008952017773788213
0.002350384,0.0,0.2432,0.0008952017773788213
0.002353584,0.0,0.24240000000000003,0.0008952017773788213
0.0023567840000000002,0.0,0.24,0.0008952017773788213
0.002359984,0.0,0.2418,0.0008952017773788213
0.002363184,0.0,0.24140000000000003,0.0008952017773788213
0.002366384,0.0,0.24059999999999998,0.0008952017773788213
0.002369584,0.0,0.24,0.0008952017773788213
0.002372784,0.0,0.23920000000000005,0.0008952017773788213
0.0023759840000000003,0.0,0.23879999999999998,0.0008952017773788213
0.0023791840000000003,0.0,0.2408,0.0008952017773788213
0.002382384,0.0,0.2396,0.0008952017773788213
0.002385584,0.0,0.2396,0.0008952017773788213
0.0023887839999999997,0.0,0.24080000000000001,0.0008952017773788213
0.002391984,0.0,0.23799999999999996,0.0008952017773788213
0.002395184,0.0,0.24,0.0008952017773788213
0.002398384,0.0,0.2368,0.0008952017773788213
0.002401584,0.0,0.23920000000000005,0.0008952017773788213
0.0024047839999999997,0.0,0.2388,0.0008952017773788213
0.002407984,0.0,0.23800000000000002,0.0008952017773788213
0.002411184,0.0,0.2372,0.0008952017773788213
0.002414384,0.0,0.23560000000000003,0.0008952017773788213
0.002417584,0.0,0.2372,0.0008952017773788213
0.002420784,0.0,0.2368,0.0008952017773788213
0.002423984,0.0,0.2368,0.0008952017773788213
0.0024271839999999998,0.0,0.23600000000000002,0.0008952017773788213
0.0024303840000000003,0.0,0.2364,0.0008952017773788213
0.002433584,0.0,0.2372,0.0008952017773788213
0.002436784,0.0,0.23600000000000002,0.0008952017773788213
0.0024399840000000005,0.0,0.2348,0.0008952017773788213
0.0024431839999999997,0.0,0.23360000000000003,0.0008952017773788213
0.0024463840000000002,0.0,0.2368,0.0008952017773788213
0.0024495840000000003,0.0,0.23119999999999996,0.0008952017773788213
0.002452784,0.0,0.23399999999999999,0.0008952017773788213
0.0024559839999999996,0.0,0.2332,0.0008952017773788213
0.002459184,0.0,0.2304,0.0008952017773788213
0.0024623839999999998,0.0,0.2304,0.0008952017773788213
0.002465584,0.0,0.22959999999999997,0.0008952017773788213
0.002468784,0.0,0.23399999999999999,0.0008952017773788213
0.002471984,0.0,0.23240000000000002,0.0008952017773788213
0.002475184,0.0,0.23439999999999997,0.0008952017773788213
0.0024783839999999997,0.0,0.23480000000000004,0.0008952017773788213
0.002481584,0.0,0.23440000000000003,0.0008952017773788213
0.002484784,0.0,0.2332,0.0008952017773788213
0.002487984,0.0,0.23120000000000002,0.0008952017773788213
0.002491184,0.0,0.23199999999999998,0.0008952017773788213
0.002494384,0.0,0.2308,0.0008952017773788213
0.002497584,0.0,0.22839999999999996,0.0008952017773788213
0.002500784,0.0,0.23079999999999998,0.0008952017773788213
0.0025039840000000003,0.0,0.2292,0.0008952017773788213
0.002507184,0.0,0.23120000000000002,0.0008952017773788213
0.002510384,0.0,0.22760000000000002,0.0008952017773788213
0.0025135839999999997,0.0,0.2248,0.0008952017773788213
0.002516784,0.0,0.22519999999999998,0.0008952017773788213
0.0025199839999999994,0.0,0.22640000000000002,0.0008952017773788213
0.002523184,0.0,0.22640000000000002,0.0008952017773788213
0.002526384,0.0,0.22760000000000002,0.0008952017773788213
0.0025295839999999997,0.0,0.22579999999999995,0.0008952017773788213
0.002532784,0.0,0.22640000000000002,0.0008952017773788213
0.002535984,0.0,0.22279999999999994,0.0008952017773788213
0.0025391840000000003,0.0,0.22159999999999996,0.0008952017773788213
0.0025423840000000004,0.0,0.222,0.0008952017773788213
0.0025455839999999996,0.0,0.222,0.0008952017773788213
0.002548784,0.0,0.22399999999999998,0.0008952017773788213
0.0025519840000000006,0.0,0.21919999999999998,0.0008952017773788213
0.002555184,0.0,0.22479999999999997,0.0008952017773788213
0.0025583839999999995,0.0,0.2228,0.0008952017773788213
0.002561584,0.0,0.22519999999999998,0.0008952017773788213
0.002564784,0.0,0.2268,0.0008952017773788213
0.0025679839999999997,0.0,0.22719999999999999,0.0008952017773788213
0.0025711840000000002,0.0,0.22519999999999998,0.0008952017773788213
0.0025743840000000003,0.0,0.22880000000000003,0.0008952017773788213
0.002577584,0.0,0.2228,0.0008952017773788213
0.0025807840000000005,0.0,0.22319999999999995,0.0008952017773788213
0.0025839839999999997,0.0,0.2232,0.0008952017773788213
0.002587184,0.0,0.22640000000000002,0.0008952017773788213
0.002590384,0.0,0.2236,0.0008952017773788213
0.002593584,0.0,0.2288,0.0008952017773788213
0.0025967840000000004,0.0,0.22679999999999997,0.0008952017773788213
0.002599984,0.0,0.2232,0.0008952017773788213
0.0026031839999999997,0.0,0.2224,0.0008952017773788213
0.002606384,0.0,0.21999999999999997,0.0008952017773788213
0.002609584,0.0,0.2184,0.0008952017773788213
0.0026127839999999995,0.0,0.23260000000000003,0.0008952017773788213
0.002615984,0.0,0.3392,0.0008952017773788213
0.002619184,0.0,0.3784,0.0008952017773788213
0.002622384,0.0,0.40880000000000005,0.0008952017773788213
0.002625584,0.0,0.43360000000000004,0.0008952017773788213
0.0026287839999999995,0.0,0.4596,0.0008952017773788213
0.002631984,0.0,0.4824,0.0008952017773788213
0.002635184,0.0,0.5180000000000001,0.0008952017773788213
0.0026383839999999997,0.0,0.5580000000000002,0.0008952017773788213
0.002641584,0.0,0.5851999999999999,0.0008952017773788213
0.002644784,0.0,0.608,0.0008952017773788213
0.0026479840000000004,0.0,0.6351999999999999,0.0008952017773788213
0.0026511839999999996,0.0,0.6578,0.0008952017773788213
0.002654384000000001,0.0,0.6833999999999999,0.0008952017773788213
0.002657584,0.0,0.7253999999999999,0.0008952017773788213
0.0026607840000000007,0.0,0.7512000000000001,0.0008952017773788213
0.0026639840000000003,0.0,0.779,0.0008952017773788213
0.0026671839999999995,0.0,0.8039999999999999,0.0008952017773788213
0.002670384,0.0,0.8219999999999997,0.0008952017773788213
0.002673584,0.0,0.8503999999999999,0.0008952017773788213
0.0026767839999999998,0.0,0.8776000000000002,0.0008952017773788213
0.0026799840000000003,0.0,0.9144,0.0008952017773788213
0.002683184,0.0,0.9379999999999998,0.0008952017773788213
0.002686384,0.0,0.9623999999999999,0.0008952017773788213
0.002689584,0.0,0.9823999999999999,0.0008952017773788213
0.002692784,0.0,1.0023999999999997,0.0008952017773788213
0.0026959840000000002,0.0,1.028,0.0008952017773788213
0.002699184,0.0,1.0535999999999999,0.0008952017773788213
0.002702384,0.0,1.0802,0.0008952017773788213
0.0027055839999999996,0.0,1.1046,0.0008952017773788213
0.002708784,0.0,1.1386,0.0008952017773788213
0.0027119839999999993,0.0,1.1664,0.0008952017773788213
0.002715184,0.0,1.1824000000000001,0.0008952017773788213
0.002718384,0.0,1.2076000000000002,0.0008952017773788213
0.0027215840000000004,0.0,1.2276000000000002,0.0008952017773788213
0.0027247839999999996,0.0,1.2508000000000001,0.0008952017773788213
0.002727984,0.0,1.2713999999999996,0.0008952017773788213
0.0027311839999999998,0.0,1.3117999999999999,0.0008952017773788213
0.002734384,0.0,1.3304000000000002,0.0008952017773788213
0.002737584,0.0,1.3556000000000006,0.0008952017773788213
0.0027407839999999996,0.0,1.3704000000000003,0.0008952017773788213
0.0027439839999999997,0.0,1.3936000000000004,0.0008952017773788213
0.0027471839999999997,0.0,1.4137999999999997,0.0008952017773788213
0.0027503840000000002,0.0,1.4355999999999995,0.0008952017773788213
0.002753584,0.0,1.4567999999999999,0.0008952017773788213
0.0027567840000000004,0.0,1.4944,0.0008952017773788213
0.0027599840000000005,0.0,1.5107999999999995,0.0008952017773788213
0.0027631839999999997,0.0,1.5375999999999994,0.0008952017773788213
0.0027663840000000006,0.0,1.5528000000000004,0.0008952017773788213
0.002769584,0.0,1.5752000000000006,0.0008952017773788213
0.0027727840000000004,0.0,1.5912000000000004,0.0008952017773788213
0.0027759840000000004,0.0,1.6158000000000008,0.0008952017773788213
0.002779184,0.0,1.6308000000000007,0.0008952017773788213
0.0027823840000000006,0.0,1.6662000000000001,0.0008952017773788213
0.002785584,0.0,1.6858000000000002,0.0008952017773788213
0.0027887840000000003,0.0,1.7072000000000003,0.0008952017773788213
0.002791984,0.0,1.7235999999999998,0.0008952017773788213
0.0027951840000000005,0.0,1.7428,0.0008952017773788213
0.0027983839999999997,0.0,1.7596,0.0008952017773788213
