ProID,Info,,time,Vol.,
GenTime,2016-01-06 06:55,,0.000000e+00,3.280000e+00,
FileName,good.csv,,2.000000e-09,3.240000e+00,
Record Length,1400.000000 Points,,4.000000e-09,3.280000e+00,
Sample Interval,2.000000e-09 s,,6.000000e-09,3.240000e+00,
Trigger Time,3.991740e-04 S,,8.000000e-09,3.280000e+00,
Source,CH2,,1.000000e-08,3.280000e+00,
Vertical Units,V/grid,,1.200000e-08,3.280000e+00,
Vertical Scale,1.000000e+00,,1.400000e-08,3.280000e+00,
Vertical Offset,-6.000000e+00,,1.600000e-08,3.320000e+00,
Horizontal Units,s/grid,,1.800000e-08,3.280000e+00,
Horizontal Scale,2.000000e-07,,2.000000e-08,3.320000e+00,
Probe Atten,1.000000e+00,,2.200000e-08,3.280000e+00,
,,,2.400000e-08,3.320000e+00,
,,,2.600000e-08,3.280000e+00,
,,,2.800000e-08,3.320000e+00,
,,,3.000000e-08,3.280000e+00,
,,,3.200000e-08,3.360000e+00,
,,,3.400000e-08,3.280000e+00,
,,,3.600000e-08,3.320000e+00,
,,,3.800000e-08,3.320000e+00,
,,,4.000000e-08,3.360000e+00,
,,,4.200000e-08,3.320000e+00,
,,,4.400000e-08,3.360000e+00,
,,,4.600000e-08,3.320000e+00,
,,,4.800000e-08,3.360000e+00,
,,,5.000000e-08,3.320000e+00,
,,,5.200000e-08,3.360000e+00,
,,,5.400000e-08,3.320000e+00,
,,,5.600000e-08,3.360000e+00,
,,,5.800000e-08,3.320000e+00,
,,,6.000000e-08,3.360000e+00,
,,,6.200000e-08,3.320000e+00,
,,,6.400000e-08,3.360000e+00,
,,,6.600000e-08,3.320000e+00,
,,,6.800000e-08,3.360000e+00,
,,,7.000000e-08,3.320000e+00,
,,,7.200000e-08,3.360000e+00,
,,,7.400000e-08,3.320000e+00,
,,,7.600000e-08,3.360000e+00,
,,,7.800000e-08,3.320000e+00,
,,,8.000000e-08,3.360000e+00,
,,,8.200000e-08,3.320000e+00,
,,,8.400000e-08,3.360000e+00,
,,,8.600000e-08,3.320000e+00,
,,,8.800000e-08,3.360000e+00,
,,,9.000000e-08,3.320000e+00,
,,,9.200000e-08,3.360000e+00,
,,,9.400000e-08,3.320000e+00,
,,,9.600000e-08,3.360000e+00,
,,,9.800000e-08,3.320000e+00,
,,,1.000000e-07,3.360000e+00,
,,,1.020000e-07,3.320000e+00,
,,,1.040000e-07,3.360000e+00,
,,,1.060000e-07,3.320000e+00,
,,,1.080000e-07,3.360000e+00,
,,,1.100000e-07,3.320000e+00,
,,,1.120000e-07,3.360000e+00,
,,,1.140000e-07,3.320000e+00,
,,,1.160000e-07,3.320000e+00,
,,,1.180000e-07,3.320000e+00,
,,,1.200000e-07,3.320000e+00,
,,,1.220000e-07,3.280000e+00,
,,,1.240000e-07,3.320000e+00,
,,,1.260000e-07,3.280000e+00,
,,,1.280000e-07,3.320000e+00,
,,,1.300000e-07,3.280000e+00,
,,,1.320000e-07,3.320000e+00,
,,,1.340000e-07,3.280000e+00,
,,,1.360000e-07,3.320000e+00,
,,,1.380000e-07,3.280000e+00,
,,,1.400000e-07,3.280000e+00,
,,,1.420000e-07,3.240000e+00,
,,,1.440000e-07,3.280000e+00,
,,,1.460000e-07,3.240000e+00,
,,,1.480000e-07,3.280000e+00,
,,,1.500000e-07,3.240000e+00,
,,,1.520000e-07,3.280000e+00,
,,,1.540000e-07,3.240000e+00,
,,,1.560000e-07,3.240000e+00,
,,,1.580000e-07,3.200000e+00,
,,,1.600000e-07,3.240000e+00,
,,,1.620000e-07,3.200000e+00,
,,,1.640000e-07,3.240000e+00,
,,,1.660000e-07,3.200000e+00,
,,,1.680000e-07,3.240000e+00,
,,,1.700000e-07,3.200000e+00,
,,,1.720000e-07,3.200000e+00,
,,,1.740000e-07,3.160000e+00,
,,,1.760000e-07,3.200000e+00,
,,,1.780000e-07,3.160000e+00,
,,,1.800000e-07,3.200000e+00,
,,,1.820000e-07,3.120000e+00,
,,,1.840000e-07,3.160000e+00,
,,,1.860000e-07,3.120000e+00,
,,,1.880000e-07,3.160000e+00,
,,,1.900000e-07,3.120000e+00,
,,,1.920000e-07,3.120000e+00,
,,,1.940000e-07,3.080000e+00,
,,,1.960000e-07,3.120000e+00,
,,,1.980000e-07,3.080000e+00,
,,,2.000000e-07,3.120000e+00,
,,,2.020000e-07,3.040000e+00,
,,,2.040000e-07,3.080000e+00,
,,,2.060000e-07,3.080000e+00,
,,,2.080000e-07,3.080000e+00,
,,,2.100000e-07,3.040000e+00,
,,,2.120000e-07,3.040000e+00,
,,,2.140000e-07,2.980000e+00,
,,,2.160000e-07,3.040000e+00,
,,,2.180000e-07,2.980000e+00,
,,,2.200000e-07,3.040000e+00,
,,,2.220000e-07,2.940000e+00,
,,,2.240000e-07,2.980000e+00,
,,,2.260000e-07,2.940000e+00,
,,,2.280000e-07,2.940000e+00,
,,,2.300000e-07,2.900000e+00,
,,,2.320000e-07,2.940000e+00,
,,,2.340000e-07,2.900000e+00,
,,,2.360000e-07,2.940000e+00,
,,,2.380000e-07,2.900000e+00,
,,,2.400000e-07,2.900000e+00,
,,,2.420000e-07,2.860000e+00,
,,,2.440000e-07,2.900000e+00,
,,,2.460000e-07,2.860000e+00,
,,,2.480000e-07,2.860000e+00,
,,,2.500000e-07,2.820000e+00,
,,,2.520000e-07,2.820000e+00,
,,,2.540000e-07,2.820000e+00,
,,,2.560000e-07,2.820000e+00,
,,,2.580000e-07,2.780000e+00,
,,,2.600000e-07,2.780000e+00,
,,,2.620000e-07,2.740000e+00,
,,,2.640000e-07,2.780000e+00,
,,,2.660000e-07,2.700000e+00,
,,,2.680000e-07,2.740000e+00,
,,,2.700000e-07,2.700000e+00,
,,,2.720000e-07,2.740000e+00,
,,,2.740000e-07,2.640000e+00,
,,,2.760000e-07,2.700000e+00,
,,,2.780000e-07,2.640000e+00,
,,,2.800000e-07,2.640000e+00,
,,,2.820000e-07,2.600000e+00,
,,,2.840000e-07,2.600000e+00,
,,,2.860000e-07,2.600000e+00,
,,,2.880000e-07,2.600000e+00,
,,,2.900000e-07,2.560000e+00,
,,,2.920000e-07,2.560000e+00,
,,,2.940000e-07,2.520000e+00,
,,,2.960000e-07,2.560000e+00,
,,,2.980000e-07,2.520000e+00,
,,,3.000000e-07,2.520000e+00,
,,,3.020000e-07,2.480000e+00,
,,,3.040000e-07,2.480000e+00,
,,,3.060000e-07,2.440000e+00,
,,,3.080000e-07,2.480000e+00,
,,,3.100000e-07,2.440000e+00,
,,,3.120000e-07,2.440000e+00,
,,,3.140000e-07,2.400000e+00,
,,,3.160000e-07,2.400000e+00,
,,,3.180000e-07,2.360000e+00,
,,,3.200000e-07,2.400000e+00,
,,,3.220000e-07,2.360000e+00,
,,,3.240000e-07,2.360000e+00,
,,,3.260000e-07,2.320000e+00,
,,,3.280000e-07,2.320000e+00,
,,,3.300000e-07,2.260000e+00,
,,,3.320000e-07,2.260000e+00,
,,,3.340000e-07,2.220000e+00,
,,,3.360000e-07,2.260000e+00,
,,,3.380000e-07,2.220000e+00,
,,,3.400000e-07,2.180000e+00,
,,,3.420000e-07,2.180000e+00,
,,,3.440000e-07,2.180000e+00,
,,,3.460000e-07,2.140000e+00,
,,,3.480000e-07,2.140000e+00,
,,,3.500000e-07,2.100000e+00,
,,,3.520000e-07,2.100000e+00,
,,,3.540000e-07,2.060000e+00,
,,,3.560000e-07,2.100000e+00,
,,,3.580000e-07,2.060000e+00,
,,,3.600000e-07,2.060000e+00,
,,,3.620000e-07,2.020000e+00,
,,,3.640000e-07,2.020000e+00,
,,,3.660000e-07,1.980000e+00,
,,,3.680000e-07,1.980000e+00,
,,,3.700000e-07,1.920000e+00,
,,,3.720000e-07,1.920000e+00,
,,,3.740000e-07,1.880000e+00,
,,,3.760000e-07,1.920000e+00,
,,,3.780000e-07,1.880000e+00,
,,,3.800000e-07,1.880000e+00,
,,,3.820000e-07,1.840000e+00,
,,,3.840000e-07,1.840000e+00,
,,,3.860000e-07,1.800000e+00,
,,,3.880000e-07,1.800000e+00,
,,,3.900000e-07,1.760000e+00,
,,,3.920000e-07,1.760000e+00,
,,,3.940000e-07,1.720000e+00,
,,,3.960000e-07,1.720000e+00,
,,,3.980000e-07,1.680000e+00,
,,,4.000000e-07,1.720000e+00,
,,,4.020000e-07,1.680000e+00,
,,,4.040000e-07,1.680000e+00,
,,,4.060000e-07,1.640000e+00,
,,,4.080000e-07,1.640000e+00,
,,,4.100000e-07,1.600000e+00,
,,,4.120000e-07,1.600000e+00,
,,,4.140000e-07,1.540000e+00,
,,,4.160000e-07,1.540000e+00,
,,,4.180000e-07,1.500000e+00,
,,,4.200000e-07,1.500000e+00,
,,,4.220000e-07,1.460000e+00,
,,,4.240000e-07,1.460000e+00,
,,,4.260000e-07,1.420000e+00,
,,,4.280000e-07,1.420000e+00,
,,,4.300000e-07,1.380000e+00,
,,,4.320000e-07,1.380000e+00,
,,,4.340000e-07,1.380000e+00,
,,,4.360000e-07,1.340000e+00,
,,,4.380000e-07,1.340000e+00,
,,,4.400000e-07,1.340000e+00,
,,,4.420000e-07,1.300000e+00,
,,,4.440000e-07,1.300000e+00,
,,,4.460000e-07,1.260000e+00,
,,,4.480000e-07,1.260000e+00,
,,,4.500000e-07,1.200000e+00,
,,,4.520000e-07,1.200000e+00,
,,,4.540000e-07,1.160000e+00,
,,,4.560000e-07,1.160000e+00,
,,,4.580000e-07,1.120000e+00,
,,,4.600000e-07,1.120000e+00,
,,,4.620000e-07,1.080000e+00,
,,,4.640000e-07,1.080000e+00,
,,,4.660000e-07,1.040000e+00,
,,,4.680000e-07,1.040000e+00,
,,,4.700000e-07,1.040000e+00,
,,,4.720000e-07,1.000000e+00,
,,,4.740000e-07,9.600000e-01,
,,,4.760000e-07,9.600000e-01,
,,,4.780000e-07,9.600000e-01,
,,,4.800000e-07,9.200000e-01,
,,,4.820000e-07,9.200000e-01,
,,,4.840000e-07,8.800000e-01,
,,,4.860000e-07,8.800000e-01,
,,,4.880000e-07,8.200000e-01,
,,,4.900000e-07,8.200000e-01,
,,,4.920000e-07,8.200000e-01,
,,,4.940000e-07,7.800000e-01,
,,,4.960000e-07,7.400000e-01,
,,,4.980000e-07,7.400000e-01,
,,,5.000000e-07,7.000000e-01,
,,,5.020000e-07,7.000000e-01,
,,,5.040000e-07,7.000000e-01,
,,,5.060000e-07,6.600000e-01,
,,,5.080000e-07,6.200000e-01,
,,,5.100000e-07,6.200000e-01,
,,,5.120000e-07,6.200000e-01,
,,,5.140000e-07,5.800000e-01,
,,,5.160000e-07,5.800000e-01,
,,,5.180000e-07,5.400000e-01,
,,,5.200000e-07,5.400000e-01,
,,,5.220000e-07,4.800000e-01,
,,,5.240000e-07,4.800000e-01,
,,,5.260000e-07,4.400000e-01,
,,,5.280000e-07,4.400000e-01,
,,,5.300000e-07,4.000000e-01,
,,,5.320000e-07,4.000000e-01,
,,,5.340000e-07,3.600000e-01,
,,,5.360000e-07,3.600000e-01,
,,,5.380000e-07,3.200000e-01,
,,,5.400000e-07,3.200000e-01,
,,,5.420000e-07,2.800000e-01,
,,,5.440000e-07,2.800000e-01,
,,,5.460000e-07,2.400000e-01,
,,,5.480000e-07,2.400000e-01,
,,,5.500000e-07,2.000000e-01,
,,,5.520000e-07,2.000000e-01,
,,,5.540000e-07,1.600000e-01,
,,,5.560000e-07,1.600000e-01,
,,,5.580000e-07,1.000000e-01,
,,,5.600000e-07,1.000000e-01,
,,,5.620000e-07,1.000000e-01,
,,,5.640000e-07,6.000000e-02,
,,,5.660000e-07,2.000000e-02,
,,,5.680000e-07,2.000000e-02,
,,,5.700000e-07,-2.000000e-02,
,,,5.720000e-07,-2.000000e-02,
,,,5.740000e-07,-1.000000e-01,
,,,5.760000e-07,-6.000000e-02,
,,,5.780000e-07,-1.000000e-01,
,,,5.800000e-07,-1.000000e-01,
,,,5.820000e-07,-1.400000e-01,
,,,5.840000e-07,-1.400000e-01,
,,,5.860000e-07,-1.800000e-01,
,,,5.880000e-07,-1.800000e-01,
,,,5.900000e-07,-2.800000e-01,
,,,5.920000e-07,-2.200000e-01,
,,,5.940000e-07,-2.800000e-01,
,,,5.960000e-07,-2.800000e-01,
,,,5.980000e-07,-3.200000e-01,
,,,6.000000e-07,-3.200000e-01,
,,,6.020000e-07,-3.600000e-01,
,,,6.040000e-07,-3.600000e-01,
,,,6.060000e-07,-4.000000e-01,
,,,6.080000e-07,-4.000000e-01,
,,,6.100000e-07,-4.400000e-01,
,,,6.120000e-07,-4.400000e-01,
,,,6.140000e-07,-4.800000e-01,
,,,6.160000e-07,-4.800000e-01,
,,,6.180000e-07,-5.200000e-01,
,,,6.200000e-07,-5.200000e-01,
,,,6.220000e-07,-5.600000e-01,
,,,6.240000e-07,-5.600000e-01,
,,,6.260000e-07,-6.200000e-01,
,,,6.280000e-07,-6.200000e-01,
,,,6.300000e-07,-6.600000e-01,
,,,6.320000e-07,-6.600000e-01,
,,,6.340000e-07,-7.000000e-01,
,,,6.360000e-07,-7.000000e-01,
,,,6.380000e-07,-7.400000e-01,
,,,6.400000e-07,-7.400000e-01,
,,,6.420000e-07,-7.800000e-01,
,,,6.440000e-07,-7.800000e-01,
,,,6.460000e-07,-8.200000e-01,
,,,6.480000e-07,-8.200000e-01,
,,,6.500000e-07,-8.600000e-01,
,,,6.520000e-07,-8.200000e-01,
,,,6.540000e-07,-9.000000e-01,
,,,6.560000e-07,-9.000000e-01,
,,,6.580000e-07,-9.400000e-01,
,,,6.600000e-07,-9.400000e-01,
,,,6.620000e-07,-1.000000e+00,
,,,6.640000e-07,-9.400000e-01,
,,,6.660000e-07,-1.040000e+00,
,,,6.680000e-07,-1.000000e+00,
,,,6.700000e-07,-1.080000e+00,
,,,6.720000e-07,-1.040000e+00,
,,,6.740000e-07,-1.080000e+00,
,,,6.760000e-07,-1.080000e+00,
,,,6.780000e-07,-1.120000e+00,
,,,6.800000e-07,-1.120000e+00,
,,,6.820000e-07,-1.160000e+00,
,,,6.840000e-07,-1.160000e+00,
,,,6.860000e-07,-1.200000e+00,
,,,6.880000e-07,-1.200000e+00,
,,,6.900000e-07,-1.240000e+00,
,,,6.920000e-07,-1.240000e+00,
,,,6.940000e-07,-1.280000e+00,
,,,6.960000e-07,-1.280000e+00,
,,,6.980000e-07,-1.340000e+00,
,,,7.000000e-07,-1.340000e+00,
,,,7.020000e-07,-1.380000e+00,
,,,7.040000e-07,-1.380000e+00,
,,,7.060000e-07,-1.420000e+00,
,,,7.080000e-07,-1.420000e+00,
,,,7.100000e-07,-1.460000e+00,
,,,7.120000e-07,-1.460000e+00,
,,,7.140000e-07,-1.500000e+00,
,,,7.160000e-07,-1.460000e+00,
,,,7.180000e-07,-1.540000e+00,
,,,7.200000e-07,-1.540000e+00,
,,,7.220000e-07,-1.540000e+00,
,,,7.240000e-07,-1.540000e+00,
,,,7.260000e-07,-1.580000e+00,
,,,7.280000e-07,-1.580000e+00,
,,,7.300000e-07,-1.620000e+00,
,,,7.320000e-07,-1.620000e+00,
,,,7.340000e-07,-1.660000e+00,
,,,7.360000e-07,-1.660000e+00,
,,,7.380000e-07,-1.720000e+00,
,,,7.400000e-07,-1.720000e+00,
,,,7.420000e-07,-1.760000e+00,
,,,7.440000e-07,-1.760000e+00,
,,,7.460000e-07,-1.800000e+00,
,,,7.480000e-07,-1.800000e+00,
,,,7.500000e-07,-1.800000e+00,
,,,7.520000e-07,-1.840000e+00,
,,,7.540000e-07,-1.840000e+00,
,,,7.560000e-07,-1.880000e+00,
,,,7.580000e-07,-1.880000e+00,
,,,7.600000e-07,-1.880000e+00,
,,,7.620000e-07,-1.920000e+00,
,,,7.640000e-07,-1.920000e+00,
,,,7.660000e-07,-1.960000e+00,
,,,7.680000e-07,-1.960000e+00,
,,,7.700000e-07,-1.960000e+00,
,,,7.720000e-07,-2.000000e+00,
,,,7.740000e-07,-2.000000e+00,
,,,7.760000e-07,-2.000000e+00,
,,,7.780000e-07,-2.060000e+00,
,,,7.800000e-07,-2.060000e+00,
,,,7.820000e-07,-2.100000e+00,
,,,7.840000e-07,-2.100000e+00,
,,,7.860000e-07,-2.140000e+00,
,,,7.880000e-07,-2.140000e+00,
,,,7.900000e-07,-2.180000e+00,
,,,7.920000e-07,-2.180000e+00,
,,,7.940000e-07,-2.180000e+00,
,,,7.960000e-07,-2.180000e+00,
,,,7.980000e-07,-2.220000e+00,
,,,8.000000e-07,-2.220000e+00,
,,,8.020000e-07,-2.260000e+00,
,,,8.040000e-07,-2.260000e+00,
,,,8.060000e-07,-2.300000e+00,
,,,8.080000e-07,-2.300000e+00,
,,,8.100000e-07,-2.340000e+00,
,,,8.120000e-07,-2.340000e+00,
,,,8.140000e-07,-2.340000e+00,
,,,8.160000e-07,-2.380000e+00,
,,,8.180000e-07,-2.380000e+00,
,,,8.200000e-07,-2.380000e+00,
,,,8.220000e-07,-2.440000e+00,
,,,8.240000e-07,-2.440000e+00,
,,,8.260000e-07,-2.440000e+00,
,,,8.280000e-07,-2.440000e+00,
,,,8.300000e-07,-2.480000e+00,
,,,8.320000e-07,-2.480000e+00,
,,,8.340000e-07,-2.520000e+00,
,,,8.360000e-07,-2.520000e+00,
,,,8.380000e-07,-2.520000e+00,
,,,8.400000e-07,-2.560000e+00,
,,,8.420000e-07,-2.560000e+00,
,,,8.440000e-07,-2.560000e+00,
,,,8.460000e-07,-2.600000e+00,
,,,8.480000e-07,-2.600000e+00,
,,,8.500000e-07,-2.600000e+00,
,,,8.520000e-07,-2.640000e+00,
,,,8.540000e-07,-2.640000e+00,
,,,8.560000e-07,-2.640000e+00,
,,,8.580000e-07,-2.680000e+00,
,,,8.600000e-07,-2.680000e+00,
,,,8.620000e-07,-2.680000e+00,
,,,8.640000e-07,-2.720000e+00,
,,,8.660000e-07,-2.720000e+00,
,,,8.680000e-07,-2.720000e+00,
,,,8.700000e-07,-2.780000e+00,
,,,8.720000e-07,-2.780000e+00,
,,,8.740000e-07,-2.780000e+00,
,,,8.760000e-07,-2.780000e+00,
,,,8.780000e-07,-2.820000e+00,
,,,8.800000e-07,-2.820000e+00,
,,,8.820000e-07,-2.820000e+00,
,,,8.840000e-07,-2.860000e+00,
,,,8.860000e-07,-2.860000e+00,
,,,8.880000e-07,-2.860000e+00,
,,,8.900000e-07,-2.900000e+00,
,,,8.920000e-07,-2.900000e+00,
,,,8.940000e-07,-2.900000e+00,
,,,8.960000e-07,-2.940000e+00,
,,,8.980000e-07,-2.900000e+00,
,,,9.000000e-07,-2.940000e+00,
,,,9.020000e-07,-2.940000e+00,
,,,9.040000e-07,-2.940000e+00,
,,,9.060000e-07,-2.980000e+00,
,,,9.080000e-07,-2.980000e+00,
,,,9.100000e-07,-2.980000e+00,
,,,9.120000e-07,-2.980000e+00,
,,,9.140000e-07,-3.020000e+00,
,,,9.160000e-07,-3.020000e+00,
,,,9.180000e-07,-3.020000e+00,
,,,9.200000e-07,-3.020000e+00,
,,,9.220000e-07,-3.020000e+00,
,,,9.240000e-07,-3.060000e+00,
,,,9.260000e-07,-3.060000e+00,
,,,9.280000e-07,-3.060000e+00,
,,,9.300000e-07,-3.100000e+00,
,,,9.320000e-07,-3.100000e+00,
,,,9.340000e-07,-3.100000e+00,
,,,9.360000e-07,-3.100000e+00,
,,,9.380000e-07,-3.100000e+00,
,,,9.400000e-07,-3.100000e+00,
,,,9.420000e-07,-3.160000e+00,
,,,9.440000e-07,-3.160000e+00,
,,,9.460000e-07,-3.160000e+00,
,,,9.480000e-07,-3.160000e+00,
,,,9.500000e-07,-3.160000e+00,
,,,9.520000e-07,-3.200000e+00,
,,,9.540000e-07,-3.200000e+00,
,,,9.560000e-07,-3.200000e+00,
,,,9.580000e-07,-3.200000e+00,
,,,9.600000e-07,-3.240000e+00,
,,,9.620000e-07,-3.200000e+00,
,,,9.640000e-07,-3.200000e+00,
,,,9.660000e-07,-3.240000e+00,
,,,9.680000e-07,-3.240000e+00,
,,,9.700000e-07,-3.240000e+00,
,,,9.720000e-07,-3.240000e+00,
,,,9.740000e-07,-3.240000e+00,
,,,9.760000e-07,-3.280000e+00,
,,,9.780000e-07,-3.280000e+00,
,,,9.800000e-07,-3.280000e+00,
,,,9.820000e-07,-3.280000e+00,
,,,9.840000e-07,-3.280000e+00,
,,,9.860000e-07,-3.280000e+00,
,,,9.880000e-07,-3.280000e+00,
,,,9.900000e-07,-3.320000e+00,
,,,9.920000e-07,-3.320000e+00,
,,,9.940000e-07,-3.320000e+00,
,,,9.960000e-07,-3.320000e+00,
,,,9.980000e-07,-3.320000e+00,
,,,1.000000e-06,-3.320000e+00,
,,,1.002000e-06,-3.320000e+00,
,,,1.004000e-06,-3.320000e+00,
,,,1.006000e-06,-3.320000e+00,
,,,1.008000e-06,-3.360000e+00,
,,,1.010000e-06,-3.320000e+00,
,,,1.012000e-06,-3.360000e+00,
,,,1.014000e-06,-3.360000e+00,
,,,1.016000e-06,-3.360000e+00,
,,,1.018000e-06,-3.360000e+00,
,,,1.020000e-06,-3.360000e+00,
,,,1.022000e-06,-3.360000e+00,
,,,1.024000e-06,-3.400000e+00,
,,,1.026000e-06,-3.360000e+00,
,,,1.028000e-06,-3.360000e+00,
,,,1.030000e-06,-3.360000e+00,
,,,1.032000e-06,-3.400000e+00,
,,,1.034000e-06,-3.400000e+00,
,,,1.036000e-06,-3.400000e+00,
,,,1.038000e-06,-3.400000e+00,
,,,1.040000e-06,-3.400000e+00,
,,,1.042000e-06,-3.400000e+00,
,,,1.044000e-06,-3.400000e+00,
,,,1.046000e-06,-3.400000e+00,
,,,1.048000e-06,-3.400000e+00,
,,,1.050000e-06,-3.400000e+00,
,,,1.052000e-06,-3.400000e+00,
,,,1.054000e-06,-3.400000e+00,
,,,1.056000e-06,-3.400000e+00,
,,,1.058000e-06,-3.400000e+00,
,,,1.060000e-06,-3.400000e+00,
,,,1.062000e-06,-3.400000e+00,
,,,1.064000e-06,-3.400000e+00,
,,,1.066000e-06,-3.400000e+00,
,,,1.068000e-06,-3.400000e+00,
,,,1.070000e-06,-3.400000e+00,
,,,1.072000e-06,-3.400000e+00,
,,,1.074000e-06,-3.400000e+00,
,,,1.076000e-06,-3.400000e+00,
,,,1.078000e-06,-3.400000e+00,
,,,1.080000e-06,-3.400000e+00,
,,,1.082000e-06,-3.400000e+00,
,,,1.084000e-06,-3.400000e+00,
,,,1.086000e-06,-3.400000e+00,
,,,1.088000e-06,-3.400000e+00,
,,,1.090000e-06,-3.400000e+00,
,,,1.092000e-06,-3.400000e+00,
,,,1.094000e-06,-3.400000e+00,
,,,1.096000e-06,-3.400000e+00,
,,,1.098000e-06,-3.360000e+00,
,,,1.100000e-06,-3.360000e+00,
,,,1.102000e-06,-3.360000e+00,
,,,1.104000e-06,-3.400000e+00,
,,,1.106000e-06,-3.360000e+00,
,,,1.108000e-06,-3.360000e+00,
,,,1.110000e-06,-3.360000e+00,
,,,1.112000e-06,-3.360000e+00,
,,,1.114000e-06,-3.360000e+00,
,,,1.116000e-06,-3.360000e+00,
,,,1.118000e-06,-3.360000e+00,
,,,1.120000e-06,-3.360000e+00,
,,,1.122000e-06,-3.360000e+00,
,,,1.124000e-06,-3.360000e+00,
,,,1.126000e-06,-3.320000e+00,
,,,1.128000e-06,-3.320000e+00,
,,,1.130000e-06,-3.320000e+00,
,,,1.132000e-06,-3.320000e+00,
,,,1.134000e-06,-3.320000e+00,
,,,1.136000e-06,-3.320000e+00,
,,,1.138000e-06,-3.320000e+00,
,,,1.140000e-06,-3.320000e+00,
,,,1.142000e-06,-3.320000e+00,
,,,1.144000e-06,-3.280000e+00,
,,,1.146000e-06,-3.280000e+00,
,,,1.148000e-06,-3.280000e+00,
,,,1.150000e-06,-3.280000e+00,
,,,1.152000e-06,-3.280000e+00,
,,,1.154000e-06,-3.280000e+00,
,,,1.156000e-06,-3.280000e+00,
,,,1.158000e-06,-3.240000e+00,
,,,1.160000e-06,-3.240000e+00,
,,,1.162000e-06,-3.280000e+00,
,,,1.164000e-06,-3.240000e+00,
,,,1.166000e-06,-3.240000e+00,
,,,1.168000e-06,-3.240000e+00,
,,,1.170000e-06,-3.240000e+00,
,,,1.172000e-06,-3.200000e+00,
,,,1.174000e-06,-3.200000e+00,
,,,1.176000e-06,-3.200000e+00,
,,,1.178000e-06,-3.200000e+00,
,,,1.180000e-06,-3.200000e+00,
,,,1.182000e-06,-3.200000e+00,
,,,1.184000e-06,-3.160000e+00,
,,,1.186000e-06,-3.160000e+00,
,,,1.188000e-06,-3.160000e+00,
,,,1.190000e-06,-3.160000e+00,
,,,1.192000e-06,-3.100000e+00,
,,,1.194000e-06,-3.160000e+00,
,,,1.196000e-06,-3.100000e+00,
,,,1.198000e-06,-3.100000e+00,
,,,1.200000e-06,-3.100000e+00,
,,,1.202000e-06,-3.100000e+00,
,,,1.204000e-06,-3.100000e+00,
,,,1.206000e-06,-3.060000e+00,
,,,1.208000e-06,-3.060000e+00,
,,,1.210000e-06,-3.060000e+00,
,,,1.212000e-06,-3.060000e+00,
,,,1.214000e-06,-3.020000e+00,
,,,1.216000e-06,-3.020000e+00,
,,,1.218000e-06,-3.020000e+00,
,,,1.220000e-06,-3.020000e+00,
,,,1.222000e-06,-2.980000e+00,
,,,1.224000e-06,-2.980000e+00,
,,,1.226000e-06,-2.980000e+00,
,,,1.228000e-06,-2.940000e+00,
,,,1.230000e-06,-2.940000e+00,
,,,1.232000e-06,-2.940000e+00,
,,,1.234000e-06,-2.940000e+00,
,,,1.236000e-06,-2.900000e+00,
,,,1.238000e-06,-2.900000e+00,
,,,1.240000e-06,-2.900000e+00,
,,,1.242000e-06,-2.900000e+00,
,,,1.244000e-06,-2.860000e+00,
,,,1.246000e-06,-2.860000e+00,
,,,1.248000e-06,-2.860000e+00,
,,,1.250000e-06,-2.860000e+00,
,,,1.252000e-06,-2.820000e+00,
,,,1.254000e-06,-2.820000e+00,
,,,1.256000e-06,-2.820000e+00,
,,,1.258000e-06,-2.820000e+00,
,,,1.260000e-06,-2.780000e+00,
,,,1.262000e-06,-2.780000e+00,
,,,1.264000e-06,-2.780000e+00,
,,,1.266000e-06,-2.720000e+00,
,,,1.268000e-06,-2.720000e+00,
,,,1.270000e-06,-2.720000e+00,
,,,1.272000e-06,-2.680000e+00,
,,,1.274000e-06,-2.680000e+00,
,,,1.276000e-06,-2.680000e+00,
,,,1.278000e-06,-2.680000e+00,
,,,1.280000e-06,-2.640000e+00,
,,,1.282000e-06,-2.640000e+00,
,,,1.284000e-06,-2.640000e+00,
,,,1.286000e-06,-2.600000e+00,
,,,1.288000e-06,-2.600000e+00,
,,,1.290000e-06,-2.600000e+00,
,,,1.292000e-06,-2.560000e+00,
,,,1.294000e-06,-2.560000e+00,
,,,1.296000e-06,-2.560000e+00,
,,,1.298000e-06,-2.520000e+00,
,,,1.300000e-06,-2.520000e+00,
,,,1.302000e-06,-2.520000e+00,
,,,1.304000e-06,-2.480000e+00,
,,,1.306000e-06,-2.480000e+00,
,,,1.308000e-06,-2.480000e+00,
,,,1.310000e-06,-2.440000e+00,
,,,1.312000e-06,-2.440000e+00,
,,,1.314000e-06,-2.440000e+00,
,,,1.316000e-06,-2.380000e+00,
,,,1.318000e-06,-2.380000e+00,
,,,1.320000e-06,-2.340000e+00,
,,,1.322000e-06,-2.340000e+00,
,,,1.324000e-06,-2.300000e+00,
,,,1.326000e-06,-2.340000e+00,
,,,1.328000e-06,-2.300000e+00,
,,,1.330000e-06,-2.300000e+00,
,,,1.332000e-06,-2.260000e+00,
,,,1.334000e-06,-2.260000e+00,
,,,1.336000e-06,-2.260000e+00,
,,,1.338000e-06,-2.220000e+00,
,,,1.340000e-06,-2.220000e+00,
,,,1.342000e-06,-2.220000e+00,
,,,1.344000e-06,-2.180000e+00,
,,,1.346000e-06,-2.180000e+00,
,,,1.348000e-06,-2.140000e+00,
,,,1.350000e-06,-2.140000e+00,
,,,1.352000e-06,-2.100000e+00,
,,,1.354000e-06,-2.140000e+00,
,,,1.356000e-06,-2.100000e+00,
,,,1.358000e-06,-2.100000e+00,
,,,1.360000e-06,-2.060000e+00,
,,,1.362000e-06,-2.060000e+00,
,,,1.364000e-06,-2.000000e+00,
,,,1.366000e-06,-2.000000e+00,
,,,1.368000e-06,-1.960000e+00,
,,,1.370000e-06,-1.960000e+00,
,,,1.372000e-06,-1.920000e+00,
,,,1.374000e-06,-1.960000e+00,
,,,1.376000e-06,-1.920000e+00,
,,,1.378000e-06,-1.880000e+00,
,,,1.380000e-06,-1.880000e+00,
,,,1.382000e-06,-1.880000e+00,
,,,1.384000e-06,-1.840000e+00,
,,,1.386000e-06,-1.840000e+00,
,,,1.388000e-06,-1.800000e+00,
,,,1.390000e-06,-1.800000e+00,
,,,1.392000e-06,-1.760000e+00,
,,,1.394000e-06,-1.760000e+00,
,,,1.396000e-06,-1.760000e+00,
,,,1.398000e-06,-1.760000e+00,
,,,1.400000e-06,-1.720000e+00,
,,,1.402000e-06,-1.720000e+00,
,,,1.404000e-06,-1.660000e+00,
,,,1.406000e-06,-1.660000e+00,
,,,1.408000e-06,-1.620000e+00,
,,,1.410000e-06,-1.620000e+00,
,,,1.412000e-06,-1.580000e+00,
,,,1.414000e-06,-1.580000e+00,
,,,1.416000e-06,-1.540000e+00,
,,,1.418000e-06,-1.580000e+00,
,,,1.420000e-06,-1.500000e+00,
,,,1.422000e-06,-1.500000e+00,
,,,1.424000e-06,-1.500000e+00,
,,,1.426000e-06,-1.500000e+00,
,,,1.428000e-06,-1.460000e+00,
,,,1.430000e-06,-1.460000e+00,
,,,1.432000e-06,-1.420000e+00,
,,,1.434000e-06,-1.420000e+00,
,,,1.436000e-06,-1.380000e+00,
,,,1.438000e-06,-1.380000e+00,
,,,1.440000e-06,-1.340000e+00,
,,,1.442000e-06,-1.340000e+00,
,,,1.444000e-06,-1.280000e+00,
,,,1.446000e-06,-1.280000e+00,
,,,1.448000e-06,-1.240000e+00,
,,,1.450000e-06,-1.240000e+00,
,,,1.452000e-06,-1.200000e+00,
,,,1.454000e-06,-1.200000e+00,
,,,1.456000e-06,-1.160000e+00,
,,,1.458000e-06,-1.160000e+00,
,,,1.460000e-06,-1.120000e+00,
,,,1.462000e-06,-1.120000e+00,
,,,1.464000e-06,-1.080000e+00,
,,,1.466000e-06,-1.120000e+00,
,,,1.468000e-06,-1.080000e+00,
,,,1.470000e-06,-1.080000e+00,
,,,1.472000e-06,-1.040000e+00,
,,,1.474000e-06,-1.040000e+00,
,,,1.476000e-06,-1.000000e+00,
,,,1.478000e-06,-1.000000e+00,
,,,1.480000e-06,-9.400000e-01,
,,,1.482000e-06,-9.400000e-01,
,,,1.484000e-06,-9.000000e-01,
,,,1.486000e-06,-9.000000e-01,
,,,1.488000e-06,-8.600000e-01,
,,,1.490000e-06,-8.600000e-01,
,,,1.492000e-06,-8.200000e-01,
,,,1.494000e-06,-8.200000e-01,
,,,1.496000e-06,-7.800000e-01,
,,,1.498000e-06,-8.200000e-01,
,,,1.500000e-06,-7.400000e-01,
,,,1.502000e-06,-7.400000e-01,
,,,1.504000e-06,-7.000000e-01,
,,,1.506000e-06,-7.400000e-01,
,,,1.508000e-06,-6.600000e-01,
,,,1.510000e-06,-7.000000e-01,
,,,1.512000e-06,-6.600000e-01,
,,,1.514000e-06,-6.600000e-01,
,,,1.516000e-06,-5.600000e-01,
,,,1.518000e-06,-6.200000e-01,
,,,1.520000e-06,-5.600000e-01,
,,,1.522000e-06,-5.600000e-01,
,,,1.524000e-06,-5.200000e-01,
,,,1.526000e-06,-5.200000e-01,
,,,1.528000e-06,-4.800000e-01,
,,,1.530000e-06,-4.800000e-01,
,,,1.532000e-06,-4.400000e-01,
,,,1.534000e-06,-4.400000e-01,
,,,1.536000e-06,-4.000000e-01,
,,,1.538000e-06,-4.000000e-01,
,,,1.540000e-06,-3.600000e-01,
,,,1.542000e-06,-3.600000e-01,
,,,1.544000e-06,-3.200000e-01,
,,,1.546000e-06,-3.200000e-01,
,,,1.548000e-06,-2.800000e-01,
,,,1.550000e-06,-2.800000e-01,
,,,1.552000e-06,-2.200000e-01,
,,,1.554000e-06,-2.800000e-01,
,,,1.556000e-06,-1.800000e-01,
,,,1.558000e-06,-2.200000e-01,
,,,1.560000e-06,-1.800000e-01,
,,,1.562000e-06,-1.800000e-01,
,,,1.564000e-06,-1.000000e-01,
,,,1.566000e-06,-1.400000e-01,
,,,1.568000e-06,-1.000000e-01,
,,,1.570000e-06,-1.000000e-01,
,,,1.572000e-06,-6.000000e-02,
,,,1.574000e-06,-6.000000e-02,
,,,1.576000e-06,-2.000000e-02,
,,,1.578000e-06,-2.000000e-02,
,,,1.580000e-06,6.000000e-02,
,,,1.582000e-06,2.000000e-02,
,,,1.584000e-06,6.000000e-02,
,,,1.586000e-06,1.000000e-01,
,,,1.588000e-06,1.600000e-01,
,,,1.590000e-06,1.600000e-01,
,,,1.592000e-06,2.000000e-01,
,,,1.594000e-06,2.000000e-01,
,,,1.596000e-06,2.400000e-01,
,,,1.598000e-06,2.400000e-01,
,,,1.600000e-06,2.800000e-01,
,,,1.602000e-06,2.800000e-01,
,,,1.604000e-06,2.800000e-01,
,,,1.606000e-06,3.200000e-01,
,,,1.608000e-06,3.200000e-01,
,,,1.610000e-06,3.600000e-01,
,,,1.612000e-06,3.600000e-01,
,,,1.614000e-06,4.000000e-01,
,,,1.616000e-06,4.000000e-01,
,,,1.618000e-06,4.400000e-01,
,,,1.620000e-06,4.400000e-01,
,,,1.622000e-06,4.400000e-01,
,,,1.624000e-06,4.800000e-01,
,,,1.626000e-06,4.800000e-01,
,,,1.628000e-06,5.400000e-01,
,,,1.630000e-06,5.400000e-01,
,,,1.632000e-06,5.800000e-01,
,,,1.634000e-06,5.800000e-01,
,,,1.636000e-06,6.200000e-01,
,,,1.638000e-06,6.200000e-01,
,,,1.640000e-06,6.600000e-01,
,,,1.642000e-06,6.600000e-01,
,,,1.644000e-06,7.000000e-01,
,,,1.646000e-06,7.000000e-01,
,,,1.648000e-06,7.400000e-01,
,,,1.650000e-06,7.400000e-01,
,,,1.652000e-06,7.800000e-01,
,,,1.654000e-06,7.800000e-01,
,,,1.656000e-06,8.200000e-01,
,,,1.658000e-06,8.200000e-01,
,,,1.660000e-06,8.800000e-01,
,,,1.662000e-06,8.800000e-01,
,,,1.664000e-06,8.800000e-01,
,,,1.666000e-06,9.200000e-01,
,,,1.668000e-06,9.200000e-01,
,,,1.670000e-06,9.600000e-01,
,,,1.672000e-06,9.600000e-01,
,,,1.674000e-06,9.600000e-01,
,,,1.676000e-06,1.000000e+00,
,,,1.678000e-06,1.000000e+00,
,,,1.680000e-06,1.040000e+00,
,,,1.682000e-06,1.040000e+00,
,,,1.684000e-06,1.080000e+00,
,,,1.686000e-06,1.080000e+00,
,,,1.688000e-06,1.120000e+00,
,,,1.690000e-06,1.120000e+00,
,,,1.692000e-06,1.160000e+00,
,,,1.694000e-06,1.160000e+00,
,,,1.696000e-06,1.160000e+00,
,,,1.698000e-06,1.160000e+00,
,,,1.700000e-06,1.200000e+00,
,,,1.702000e-06,1.260000e+00,
,,,1.704000e-06,1.260000e+00,
,,,1.706000e-06,1.300000e+00,
,,,1.708000e-06,1.300000e+00,
,,,1.710000e-06,1.300000e+00,
,,,1.712000e-06,1.340000e+00,
,,,1.714000e-06,1.340000e+00,
,,,1.716000e-06,1.380000e+00,
,,,1.718000e-06,1.380000e+00,
,,,1.720000e-06,1.420000e+00,
,,,1.722000e-06,1.420000e+00,
,,,1.724000e-06,1.460000e+00,
,,,1.726000e-06,1.460000e+00,
,,,1.728000e-06,1.500000e+00,
,,,1.730000e-06,1.500000e+00,
,,,1.732000e-06,1.540000e+00,
,,,1.734000e-06,1.540000e+00,
,,,1.736000e-06,1.600000e+00,
,,,1.738000e-06,1.600000e+00,
,,,1.740000e-06,1.600000e+00,
,,,1.742000e-06,1.600000e+00,
,,,1.744000e-06,1.640000e+00,
,,,1.746000e-06,1.640000e+00,
,,,1.748000e-06,1.680000e+00,
,,,1.750000e-06,1.680000e+00,
,,,1.752000e-06,1.720000e+00,
,,,1.754000e-06,1.720000e+00,
,,,1.756000e-06,1.760000e+00,
,,,1.758000e-06,1.760000e+00,
,,,1.760000e-06,1.800000e+00,
,,,1.762000e-06,1.800000e+00,
,,,1.764000e-06,1.840000e+00,
,,,1.766000e-06,1.840000e+00,
,,,1.768000e-06,1.840000e+00,
,,,1.770000e-06,1.840000e+00,
,,,1.772000e-06,1.880000e+00,
,,,1.774000e-06,1.880000e+00,
,,,1.776000e-06,1.920000e+00,
,,,1.778000e-06,1.920000e+00,
,,,1.780000e-06,1.920000e+00,
,,,1.782000e-06,1.980000e+00,
,,,1.784000e-06,2.020000e+00,
,,,1.786000e-06,1.980000e+00,
,,,1.788000e-06,2.020000e+00,
,,,1.790000e-06,2.020000e+00,
,,,1.792000e-06,2.060000e+00,
,,,1.794000e-06,2.060000e+00,
,,,1.796000e-06,2.100000e+00,
,,,1.798000e-06,2.060000e+00,
,,,1.800000e-06,2.100000e+00,
,,,1.802000e-06,2.100000e+00,
,,,1.804000e-06,2.140000e+00,
,,,1.806000e-06,2.140000e+00,
,,,1.808000e-06,2.180000e+00,
,,,1.810000e-06,2.180000e+00,
,,,1.812000e-06,2.220000e+00,
,,,1.814000e-06,2.220000e+00,
,,,1.816000e-06,2.220000e+00,
,,,1.818000e-06,2.220000e+00,
,,,1.820000e-06,2.260000e+00,
,,,1.822000e-06,2.260000e+00,
,,,1.824000e-06,2.320000e+00,
,,,1.826000e-06,2.320000e+00,
,,,1.828000e-06,2.360000e+00,
,,,1.830000e-06,2.360000e+00,
,,,1.832000e-06,2.400000e+00,
,,,1.834000e-06,2.360000e+00,
,,,1.836000e-06,2.400000e+00,
,,,1.838000e-06,2.400000e+00,
,,,1.840000e-06,2.440000e+00,
,,,1.842000e-06,2.440000e+00,
,,,1.844000e-06,2.480000e+00,
,,,1.846000e-06,2.480000e+00,
,,,1.848000e-06,2.480000e+00,
,,,1.850000e-06,2.480000e+00,
,,,1.852000e-06,2.520000e+00,
,,,1.854000e-06,2.520000e+00,
,,,1.856000e-06,2.560000e+00,
,,,1.858000e-06,2.520000e+00,
,,,1.860000e-06,2.560000e+00,
,,,1.862000e-06,2.560000e+00,
,,,1.864000e-06,2.600000e+00,
,,,1.866000e-06,2.560000e+00,
,,,1.868000e-06,2.600000e+00,
,,,1.870000e-06,2.600000e+00,
,,,1.872000e-06,2.640000e+00,
,,,1.874000e-06,2.640000e+00,
,,,1.876000e-06,2.700000e+00,
,,,1.878000e-06,2.640000e+00,
,,,1.880000e-06,2.700000e+00,
,,,1.882000e-06,2.700000e+00,
,,,1.884000e-06,2.740000e+00,
,,,1.886000e-06,2.740000e+00,
,,,1.888000e-06,2.780000e+00,
,,,1.890000e-06,2.740000e+00,
,,,1.892000e-06,2.780000e+00,
,,,1.894000e-06,2.780000e+00,
,,,1.896000e-06,2.820000e+00,
,,,1.898000e-06,2.780000e+00,
,,,1.900000e-06,2.820000e+00,
,,,1.902000e-06,2.820000e+00,
,,,1.904000e-06,2.860000e+00,
,,,1.906000e-06,2.820000e+00,
,,,1.908000e-06,2.860000e+00,
,,,1.910000e-06,2.860000e+00,
,,,1.912000e-06,2.900000e+00,
,,,1.914000e-06,2.900000e+00,
,,,1.916000e-06,2.900000e+00,
,,,1.918000e-06,2.900000e+00,
,,,1.920000e-06,2.940000e+00,
,,,1.922000e-06,2.900000e+00,
,,,1.924000e-06,2.940000e+00,
,,,1.926000e-06,2.940000e+00,
,,,1.928000e-06,2.980000e+00,
,,,1.930000e-06,2.940000e+00,
,,,1.932000e-06,2.980000e+00,
,,,1.934000e-06,2.980000e+00,
,,,1.936000e-06,3.040000e+00,
,,,1.938000e-06,2.980000e+00,
,,,1.940000e-06,3.040000e+00,
,,,1.942000e-06,2.980000e+00,
,,,1.944000e-06,3.080000e+00,
,,,1.946000e-06,3.040000e+00,
,,,1.948000e-06,3.080000e+00,
,,,1.950000e-06,3.040000e+00,
,,,1.952000e-06,3.120000e+00,
,,,1.954000e-06,3.080000e+00,
,,,1.956000e-06,3.120000e+00,
,,,1.958000e-06,3.080000e+00,
,,,1.960000e-06,3.120000e+00,
,,,1.962000e-06,3.080000e+00,
,,,1.964000e-06,3.160000e+00,
,,,1.966000e-06,3.120000e+00,
,,,1.968000e-06,3.160000e+00,
,,,1.970000e-06,3.120000e+00,
,,,1.972000e-06,3.160000e+00,
,,,1.974000e-06,3.120000e+00,
,,,1.976000e-06,3.200000e+00,
,,,1.978000e-06,3.160000e+00,
,,,1.980000e-06,3.200000e+00,
,,,1.982000e-06,3.160000e+00,
,,,1.984000e-06,3.200000e+00,
,,,1.986000e-06,3.200000e+00,
,,,1.988000e-06,3.240000e+00,
,,,1.990000e-06,3.200000e+00,
,,,1.992000e-06,3.240000e+00,
,,,1.994000e-06,3.200000e+00,
,,,1.996000e-06,3.240000e+00,
,,,1.998000e-06,3.240000e+00,
,,,2.000000e-06,3.280000e+00,
,,,2.002000e-06,3.240000e+00,
,,,2.004000e-06,3.280000e+00,
,,,2.006000e-06,3.240000e+00,
,,,2.008000e-06,3.280000e+00,
,,,2.010000e-06,3.240000e+00,
,,,2.012000e-06,3.280000e+00,
,,,2.014000e-06,3.280000e+00,
,,,2.016000e-06,3.320000e+00,
,,,2.018000e-06,3.280000e+00,
,,,2.020000e-06,3.320000e+00,
,,,2.022000e-06,3.280000e+00,
,,,2.024000e-06,3.320000e+00,
,,,2.026000e-06,3.280000e+00,
,,,2.028000e-06,3.320000e+00,
,,,2.030000e-06,3.280000e+00,
,,,2.032000e-06,3.320000e+00,
,,,2.034000e-06,3.280000e+00,
,,,2.036000e-06,3.320000e+00,
,,,2.038000e-06,3.280000e+00,
,,,2.040000e-06,3.320000e+00,
,,,2.042000e-06,3.280000e+00,
,,,2.044000e-06,3.360000e+00,
,,,2.046000e-06,3.320000e+00,
,,,2.048000e-06,3.360000e+00,
,,,2.050000e-06,3.320000e+00,
,,,2.052000e-06,3.360000e+00,
,,,2.054000e-06,3.320000e+00,
,,,2.056000e-06,3.360000e+00,
,,,2.058000e-06,3.320000e+00,
,,,2.060000e-06,3.360000e+00,
,,,2.062000e-06,3.320000e+00,
,,,2.064000e-06,3.360000e+00,
,,,2.066000e-06,3.320000e+00,
,,,2.068000e-06,3.360000e+00,
,,,2.070000e-06,3.320000e+00,
,,,2.072000e-06,3.360000e+00,
,,,2.074000e-06,3.320000e+00,
,,,2.076000e-06,3.360000e+00,
,,,2.078000e-06,3.320000e+00,
,,,2.080000e-06,3.360000e+00,
,,,2.082000e-06,3.320000e+00,
,,,2.084000e-06,3.360000e+00,
,,,2.086000e-06,3.320000e+00,
,,,2.088000e-06,3.360000e+00,
,,,2.090000e-06,3.320000e+00,
,,,2.092000e-06,3.360000e+00,
,,,2.094000e-06,3.320000e+00,
,,,2.096000e-06,3.360000e+00,
,,,2.098000e-06,3.320000e+00,
,,,2.100000e-06,3.360000e+00,
,,,2.102000e-06,3.320000e+00,
,,,2.104000e-06,3.360000e+00,
,,,2.106000e-06,3.320000e+00,
,,,2.108000e-06,3.320000e+00,
,,,2.110000e-06,3.320000e+00,
,,,2.112000e-06,3.320000e+00,
,,,2.114000e-06,3.280000e+00,
,,,2.116000e-06,3.320000e+00,
,,,2.118000e-06,3.280000e+00,
,,,2.120000e-06,3.320000e+00,
,,,2.122000e-06,3.280000e+00,
,,,2.124000e-06,3.320000e+00,
,,,2.126000e-06,3.280000e+00,
,,,2.128000e-06,3.320000e+00,
,,,2.130000e-06,3.280000e+00,
,,,2.132000e-06,3.320000e+00,
,,,2.134000e-06,3.240000e+00,
,,,2.136000e-06,3.280000e+00,
,,,2.138000e-06,3.240000e+00,
,,,2.140000e-06,3.280000e+00,
,,,2.142000e-06,3.240000e+00,
,,,2.144000e-06,3.280000e+00,
,,,2.146000e-06,3.240000e+00,
,,,2.148000e-06,3.280000e+00,
,,,2.150000e-06,3.240000e+00,
,,,2.152000e-06,3.240000e+00,
,,,2.154000e-06,3.200000e+00,
,,,2.156000e-06,3.240000e+00,
,,,2.158000e-06,3.200000e+00,
,,,2.160000e-06,3.240000e+00,
,,,2.162000e-06,3.200000e+00,
,,,2.164000e-06,3.240000e+00,
,,,2.166000e-06,3.200000e+00,
,,,2.168000e-06,3.200000e+00,
,,,2.170000e-06,3.160000e+00,
,,,2.172000e-06,3.200000e+00,
,,,2.174000e-06,3.160000e+00,
,,,2.176000e-06,3.200000e+00,
,,,2.178000e-06,3.160000e+00,
,,,2.180000e-06,3.160000e+00,
,,,2.182000e-06,3.120000e+00,
,,,2.184000e-06,3.160000e+00,
,,,2.186000e-06,3.120000e+00,
,,,2.188000e-06,3.160000e+00,
,,,2.190000e-06,3.120000e+00,
,,,2.192000e-06,3.120000e+00,
,,,2.194000e-06,3.080000e+00,
,,,2.196000e-06,3.120000e+00,
,,,2.198000e-06,3.080000e+00,
,,,2.200000e-06,3.080000e+00,
,,,2.202000e-06,3.040000e+00,
,,,2.204000e-06,3.080000e+00,
,,,2.206000e-06,3.040000e+00,
,,,2.208000e-06,3.080000e+00,
,,,2.210000e-06,2.980000e+00,
,,,2.212000e-06,3.040000e+00,
,,,2.214000e-06,2.980000e+00,
,,,2.216000e-06,3.040000e+00,
,,,2.218000e-06,2.940000e+00,
,,,2.220000e-06,2.980000e+00,
,,,2.222000e-06,2.940000e+00,
,,,2.224000e-06,2.980000e+00,
,,,2.226000e-06,2.940000e+00,
,,,2.228000e-06,2.940000e+00,
,,,2.230000e-06,2.900000e+00,
,,,2.232000e-06,2.940000e+00,
,,,2.234000e-06,2.900000e+00,
,,,2.236000e-06,2.900000e+00,
,,,2.238000e-06,2.860000e+00,
,,,2.240000e-06,2.900000e+00,
,,,2.242000e-06,2.860000e+00,
,,,2.244000e-06,2.900000e+00,
,,,2.246000e-06,2.820000e+00,
,,,2.248000e-06,2.860000e+00,
,,,2.250000e-06,2.820000e+00,
,,,2.252000e-06,2.820000e+00,
,,,2.254000e-06,2.780000e+00,
,,,2.256000e-06,2.820000e+00,
,,,2.258000e-06,2.740000e+00,
,,,2.260000e-06,2.780000e+00,
,,,2.262000e-06,2.740000e+00,
,,,2.264000e-06,2.780000e+00,
,,,2.266000e-06,2.700000e+00,
,,,2.268000e-06,2.740000e+00,
,,,2.270000e-06,2.700000e+00,
,,,2.272000e-06,2.700000e+00,
,,,2.274000e-06,2.640000e+00,
,,,2.276000e-06,2.700000e+00,
,,,2.278000e-06,2.640000e+00,
,,,2.280000e-06,2.640000e+00,
,,,2.282000e-06,2.600000e+00,
,,,2.284000e-06,2.600000e+00,
,,,2.286000e-06,2.560000e+00,
,,,2.288000e-06,2.600000e+00,
,,,2.290000e-06,2.560000e+00,
,,,2.292000e-06,2.560000e+00,
,,,2.294000e-06,2.520000e+00,
,,,2.296000e-06,2.560000e+00,
,,,2.298000e-06,2.520000e+00,
,,,2.300000e-06,2.520000e+00,
,,,2.302000e-06,2.480000e+00,
,,,2.304000e-06,2.480000e+00,
,,,2.306000e-06,2.440000e+00,
,,,2.308000e-06,2.440000e+00,
,,,2.310000e-06,2.400000e+00,
,,,2.312000e-06,2.440000e+00,
,,,2.314000e-06,2.400000e+00,
,,,2.316000e-06,2.400000e+00,
,,,2.318000e-06,2.360000e+00,
,,,2.320000e-06,2.360000e+00,
,,,2.322000e-06,2.320000e+00,
,,,2.324000e-06,2.360000e+00,
,,,2.326000e-06,2.320000e+00,
,,,2.328000e-06,2.320000e+00,
,,,2.330000e-06,2.260000e+00,
,,,2.332000e-06,2.260000e+00,
,,,2.334000e-06,2.220000e+00,
,,,2.336000e-06,2.260000e+00,
,,,2.338000e-06,2.220000e+00,
,,,2.340000e-06,2.220000e+00,
,,,2.342000e-06,2.180000e+00,
,,,2.344000e-06,2.180000e+00,
,,,2.346000e-06,2.140000e+00,
,,,2.348000e-06,2.140000e+00,
,,,2.350000e-06,2.100000e+00,
,,,2.352000e-06,2.140000e+00,
,,,2.354000e-06,2.060000e+00,
,,,2.356000e-06,2.060000e+00,
,,,2.358000e-06,2.020000e+00,
,,,2.360000e-06,2.060000e+00,
,,,2.362000e-06,2.020000e+00,
,,,2.364000e-06,2.020000e+00,
,,,2.366000e-06,1.980000e+00,
,,,2.368000e-06,1.980000e+00,
,,,2.370000e-06,1.920000e+00,
,,,2.372000e-06,1.920000e+00,
,,,2.374000e-06,1.880000e+00,
,,,2.376000e-06,1.920000e+00,
,,,2.378000e-06,1.880000e+00,
,,,2.380000e-06,1.880000e+00,
,,,2.382000e-06,1.840000e+00,
,,,2.384000e-06,1.840000e+00,
,,,2.386000e-06,1.800000e+00,
,,,2.388000e-06,1.800000e+00,
,,,2.390000e-06,1.760000e+00,
,,,2.392000e-06,1.760000e+00,
,,,2.394000e-06,1.720000e+00,
,,,2.396000e-06,1.720000e+00,
,,,2.398000e-06,1.680000e+00,
,,,2.400000e-06,1.680000e+00,
,,,2.402000e-06,1.680000e+00,
,,,2.404000e-06,1.680000e+00,
,,,2.406000e-06,1.640000e+00,
,,,2.408000e-06,1.640000e+00,
,,,2.410000e-06,1.600000e+00,
,,,2.412000e-06,1.600000e+00,
,,,2.414000e-06,1.540000e+00,
,,,2.416000e-06,1.540000e+00,
,,,2.418000e-06,1.500000e+00,
,,,2.420000e-06,1.500000e+00,
,,,2.422000e-06,1.460000e+00,
,,,2.424000e-06,1.460000e+00,
,,,2.426000e-06,1.460000e+00,
,,,2.428000e-06,1.420000e+00,
,,,2.430000e-06,1.380000e+00,
,,,2.432000e-06,1.380000e+00,
,,,2.434000e-06,1.380000e+00,
,,,2.436000e-06,1.380000e+00,
,,,2.438000e-06,1.340000e+00,
,,,2.440000e-06,1.340000e+00,
,,,2.442000e-06,1.300000e+00,
,,,2.444000e-06,1.300000e+00,
,,,2.446000e-06,1.260000e+00,
,,,2.448000e-06,1.260000e+00,
,,,2.450000e-06,1.200000e+00,
,,,2.452000e-06,1.200000e+00,
,,,2.454000e-06,1.160000e+00,
,,,2.456000e-06,1.160000e+00,
,,,2.458000e-06,1.120000e+00,
,,,2.460000e-06,1.120000e+00,
,,,2.462000e-06,1.080000e+00,
,,,2.464000e-06,1.080000e+00,
,,,2.466000e-06,1.040000e+00,
,,,2.468000e-06,1.040000e+00,
,,,2.470000e-06,1.000000e+00,
,,,2.472000e-06,1.000000e+00,
,,,2.474000e-06,9.600000e-01,
,,,2.476000e-06,9.600000e-01,
,,,2.478000e-06,9.600000e-01,
,,,2.480000e-06,9.200000e-01,
,,,2.482000e-06,9.200000e-01,
,,,2.484000e-06,8.800000e-01,
,,,2.486000e-06,8.800000e-01,
,,,2.488000e-06,8.200000e-01,
,,,2.490000e-06,8.200000e-01,
,,,2.492000e-06,7.800000e-01,
,,,2.494000e-06,7.800000e-01,
,,,2.496000e-06,7.800000e-01,
,,,2.498000e-06,7.400000e-01,
,,,2.500000e-06,7.000000e-01,
,,,2.502000e-06,7.000000e-01,
,,,2.504000e-06,7.000000e-01,
,,,2.506000e-06,6.600000e-01,
,,,2.508000e-06,6.600000e-01,
,,,2.510000e-06,6.200000e-01,
,,,2.512000e-06,6.200000e-01,
,,,2.514000e-06,5.800000e-01,
,,,2.516000e-06,5.800000e-01,
,,,2.518000e-06,5.400000e-01,
,,,2.520000e-06,5.400000e-01,
,,,2.522000e-06,4.800000e-01,
,,,2.524000e-06,4.800000e-01,
,,,2.526000e-06,4.400000e-01,
,,,2.528000e-06,4.400000e-01,
,,,2.530000e-06,4.000000e-01,
,,,2.532000e-06,4.000000e-01,
,,,2.534000e-06,3.600000e-01,
,,,2.536000e-06,3.600000e-01,
,,,2.538000e-06,3.200000e-01,
,,,2.540000e-06,3.200000e-01,
,,,2.542000e-06,3.200000e-01,
,,,2.544000e-06,2.800000e-01,
,,,2.546000e-06,2.400000e-01,
,,,2.548000e-06,2.400000e-01,
,,,2.550000e-06,2.000000e-01,
,,,2.552000e-06,2.000000e-01,
,,,2.554000e-06,1.600000e-01,
,,,2.556000e-06,1.600000e-01,
,,,2.558000e-06,1.600000e-01,
,,,2.560000e-06,1.000000e-01,
,,,2.562000e-06,2.000000e-02,
,,,2.564000e-06,6.000000e-02,
,,,2.566000e-06,2.000000e-02,
,,,2.568000e-06,2.000000e-02,
,,,2.570000e-06,-6.000000e-02,
,,,2.572000e-06,-2.000000e-02,
,,,2.574000e-06,-6.000000e-02,
,,,2.576000e-06,-6.000000e-02,
,,,2.578000e-06,-1.000000e-01,
,,,2.580000e-06,-1.000000e-01,
,,,2.582000e-06,-1.400000e-01,
,,,2.584000e-06,-1.400000e-01,
,,,2.586000e-06,-1.800000e-01,
,,,2.588000e-06,-1.800000e-01,
,,,2.590000e-06,-2.200000e-01,
,,,2.592000e-06,-2.200000e-01,
,,,2.594000e-06,-2.800000e-01,
,,,2.596000e-06,-2.800000e-01,
,,,2.598000e-06,-3.200000e-01,
,,,2.600000e-06,-3.200000e-01,
,,,2.602000e-06,-3.600000e-01,
,,,2.604000e-06,-3.600000e-01,
,,,2.606000e-06,-4.000000e-01,
,,,2.608000e-06,-4.000000e-01,
,,,2.610000e-06,-4.400000e-01,
,,,2.612000e-06,-4.400000e-01,
,,,2.614000e-06,-4.800000e-01,
,,,2.616000e-06,-4.800000e-01,
,,,2.618000e-06,-5.200000e-01,
,,,2.620000e-06,-5.200000e-01,
,,,2.622000e-06,-5.600000e-01,
,,,2.624000e-06,-5.600000e-01,
,,,2.626000e-06,-6.200000e-01,
,,,2.628000e-06,-6.200000e-01,
,,,2.630000e-06,-6.600000e-01,
,,,2.632000e-06,-6.600000e-01,
,,,2.634000e-06,-7.000000e-01,
,,,2.636000e-06,-7.000000e-01,
,,,2.638000e-06,-7.400000e-01,
,,,2.640000e-06,-7.400000e-01,
,,,2.642000e-06,-7.800000e-01,
,,,2.644000e-06,-7.800000e-01,
,,,2.646000e-06,-8.200000e-01,
,,,2.648000e-06,-7.800000e-01,
,,,2.650000e-06,-8.600000e-01,
,,,2.652000e-06,-8.200000e-01,
,,,2.654000e-06,-9.000000e-01,
,,,2.656000e-06,-9.000000e-01,
,,,2.658000e-06,-9.400000e-01,
,,,2.660000e-06,-9.000000e-01,
,,,2.662000e-06,-9.400000e-01,
,,,2.664000e-06,-9.400000e-01,
,,,2.666000e-06,-1.040000e+00,
,,,2.668000e-06,-1.000000e+00,
,,,2.670000e-06,-1.040000e+00,
,,,2.672000e-06,-1.040000e+00,
,,,2.674000e-06,-1.080000e+00,
,,,2.676000e-06,-1.080000e+00,
,,,2.678000e-06,-1.120000e+00,
,,,2.680000e-06,-1.120000e+00,
,,,2.682000e-06,-1.160000e+00,
,,,2.684000e-06,-1.160000e+00,
,,,2.686000e-06,-1.200000e+00,
,,,2.688000e-06,-1.200000e+00,
,,,2.690000e-06,-1.240000e+00,
,,,2.692000e-06,-1.240000e+00,
,,,2.694000e-06,-1.280000e+00,
,,,2.696000e-06,-1.280000e+00,
,,,2.698000e-06,-1.340000e+00,
,,,2.700000e-06,-1.340000e+00,
,,,2.702000e-06,-1.380000e+00,
,,,2.704000e-06,-1.380000e+00,
,,,2.706000e-06,-1.420000e+00,
,,,2.708000e-06,-1.420000e+00,
,,,2.710000e-06,-1.460000e+00,
,,,2.712000e-06,-1.460000e+00,
,,,2.714000e-06,-1.460000e+00,
,,,2.716000e-06,-1.460000e+00,
,,,2.718000e-06,-1.500000e+00,
,,,2.720000e-06,-1.540000e+00,
,,,2.722000e-06,-1.540000e+00,
,,,2.724000e-06,-1.540000e+00,
,,,2.726000e-06,-1.580000e+00,
,,,2.728000e-06,-1.580000e+00,
,,,2.730000e-06,-1.620000e+00,
,,,2.732000e-06,-1.620000e+00,
,,,2.734000e-06,-1.660000e+00,
,,,2.736000e-06,-1.660000e+00,
,,,2.738000e-06,-1.720000e+00,
,,,2.740000e-06,-1.720000e+00,
,,,2.742000e-06,-1.760000e+00,
,,,2.744000e-06,-1.760000e+00,
,,,2.746000e-06,-1.800000e+00,
,,,2.748000e-06,-1.800000e+00,
,,,2.750000e-06,-1.800000e+00,
,,,2.752000e-06,-1.800000e+00,
,,,2.754000e-06,-1.840000e+00,
,,,2.756000e-06,-1.840000e+00,
,,,2.758000e-06,-1.880000e+00,
,,,2.760000e-06,-1.880000e+00,
,,,2.762000e-06,-1.920000e+00,
,,,2.764000e-06,-1.920000e+00,
,,,2.766000e-06,-1.960000e+00,
,,,2.768000e-06,-1.960000e+00,
,,,2.770000e-06,-1.960000e+00,
,,,2.772000e-06,-1.960000e+00,
,,,2.774000e-06,-2.000000e+00,
,,,2.776000e-06,-2.060000e+00,
,,,2.778000e-06,-2.060000e+00,
,,,2.780000e-06,-2.060000e+00,
,,,2.782000e-06,-2.100000e+00,
,,,2.784000e-06,-2.100000e+00,
,,,2.786000e-06,-2.140000e+00,
,,,2.788000e-06,-2.140000e+00,
,,,2.790000e-06,-2.180000e+00,
,,,2.792000e-06,-2.180000e+00,
,,,2.794000e-06,-2.180000e+00,
,,,2.796000e-06,-2.220000e+00,
,,,2.798000e-06,-2.220000e+00,
